asset_path,roles,source,sha256
audio/units/archon/canonical/0bf4917bb3d55cba__Archon_Ready00.ogg,move,SC2 game-data canonical recovery,0bf4917bb3d55cba561e35b536bfabea3e1f7bdedb9b558e206d2b6a230c9ccd
audio/units/baneling/canonical/2ae5e25b1e50227c__Baneling_Death0.wav,death,SC2 game-data canonical recovery,2ae5e25b1e50227c886f3957fff0b0094fb3edd926bd32a07de0419b880b4c89
audio/units/baneling/canonical/010b516cd77b5426__Baneling_Death1.wav,death,SC2 game-data canonical recovery,010b516cd77b5426e5b718e597752368c14b0e35cc5e8f90408c5e9744c49c74
audio/units/baneling/canonical/d1fa15139e4e75fe__Baneling_Death2.wav,death,SC2 game-data canonical recovery,d1fa15139e4e75fe7f16553d4b3820c3d791c0253eae63d0cabafeae403780f6
audio/units/baneling/canonical/74bfeb8365db8d34__Baneling_Death3.wav,death,SC2 game-data canonical recovery,74bfeb8365db8d34576d932a0e44a4dd31c9b85a6b0fcfe1353bb6c58ca507a0
audio/units/baneling/canonical/7c632007e264a7fe__Baneling_Death4.wav,death,SC2 game-data canonical recovery,7c632007e264a7fe560824096de33a6feef02e4a040abb50a7cb3dd1974af564
audio/units/baneling/canonical/7d789530702f58df__Baneling_Death5.wav,death,SC2 game-data canonical recovery,7d789530702f58dfefba0eea9f47ba3f6d265c2202f40c9ec85394bd38357b60
audio/units/baneling/canonical/1d583fa44e8087d8__Baneling_Ready0.ogg,move,SC2 game-data canonical recovery,1d583fa44e8087d8497a3c1a71288ed0c56011b7968bd848dc4b7654aaea0171
audio/units/baneling/canonical/4c8ab8161c38ee0e__Baneling_Ready1.ogg,move,SC2 game-data canonical recovery,4c8ab8161c38ee0e7e7b4c4cfcf9a0de7a4f16e8a21913c59ca599271d2dfd22
audio/units/baneling/canonical/c5cb5a0146b45354__Baneling_Ready2.ogg,move,SC2 game-data canonical recovery,c5cb5a0146b45354ee8e015c9264b027a69f4357b80952d40f94b8a81bf227a8
audio/units/baneling/canonical/062c8ebda6f10215__Baneling_What0.ogg,move|chatter,SC2 game-data canonical recovery,062c8ebda6f10215547c822c837b54117ddb994f607ce66d8bffa620544bfc8a
audio/units/baneling/canonical/2f19e2b17a7a23f2__Baneling_What1.ogg,move|chatter,SC2 game-data canonical recovery,2f19e2b17a7a23f2dcee7afb59ff6707639c277046c41f2da40f698fc6695694
audio/units/baneling/canonical/5594c9287b16fc33__Baneling_What2.ogg,move|chatter,SC2 game-data canonical recovery,5594c9287b16fc33af4cf02a1fcd7580828ed31110504b3c3be3a0b8a5d4640c
audio/units/baneling/canonical/757b51c799ae8ad7__Baneling_What3.ogg,move|chatter,SC2 game-data canonical recovery,757b51c799ae8ad70e3b0b9fe5022f80a43409f3269bf857d6aba9f9a80da06f
audio/units/baneling/canonical/cbf9a38b5a7eb890__Baneling_What4.ogg,move|chatter,SC2 game-data canonical recovery,cbf9a38b5a7eb8904e1cc2bd2efeb497ac7ec44a2666126e6311925a316e5246
audio/units/baneling/canonical/00b9b1dd66f830cc__Baneling_What5.ogg,move|chatter,SC2 game-data canonical recovery,00b9b1dd66f830cc2c3d3ddc5b0274590d7c8eeef78cdef06f4ef908c214e4e3
audio/units/banshee/canonical/e5de02fc937f9409__Banshee_Ready00.ogg,move,SC2 game-data canonical recovery,e5de02fc937f9409a5478ea17bdea8d696cc594d094ff07e50e0d30a97c27c88
audio/units/banshee/canonical/9a8385cfe094ad7a__Banshee_What00.ogg,move,SC2 game-data canonical recovery,9a8385cfe094ad7ad054989efe843268e8cd223934640961c967fe1dfcc957a8
audio/units/banshee/canonical/f590faf744380d9e__Banshee_What01.ogg,move,SC2 game-data canonical recovery,f590faf744380d9e62b8345e943a3baedbd6fd2ea6a8d11303c80141c55cc884
audio/units/banshee/canonical/7b1907ba75e4c59d__Banshee_What02.ogg,move,SC2 game-data canonical recovery,7b1907ba75e4c59d3132b0b1dd44fd5e87e4ab5a767071004af96f9f074ffc95
audio/units/banshee/canonical/22d00a661ef3b236__Banshee_What03.ogg,move,SC2 game-data canonical recovery,22d00a661ef3b23691da7749f3344db02efb74513a6ff5374ac78b11edff1b94
audio/units/banshee/canonical/96405fa6fa0b18c0__Banshee_What04.ogg,move,SC2 game-data canonical recovery,96405fa6fa0b18c06e8c78da4c0c41f0ff549d0ea1ee6d3420e5c9a0298aa2df
audio/units/banshee/canonical/bdf46748d622b3e9__Banshee_What05.ogg,move,SC2 game-data canonical recovery,bdf46748d622b3e9339acbaf07ba44b766f8ee98a7257fb73eba9fff8de532a4
audio/units/banshee/canonical/f168c6f00fd27e8d__Banshee_Yes00.ogg,move,SC2 game-data canonical recovery,f168c6f00fd27e8d8dbe28bb92056e424c4586288264813ba1000df2a41571a5
audio/units/banshee/canonical/e3bd362275e7cfcf__Banshee_Yes01.ogg,move,SC2 game-data canonical recovery,e3bd362275e7cfcfdd837268d2e8eb0152d1660aa9f76591832e4b792a42614f
audio/units/banshee/canonical/db1f4312e5b04c1f__Banshee_Yes02.ogg,move,SC2 game-data canonical recovery,db1f4312e5b04c1fc6df1b51a7295f428b13d726e9125f32ec55fce350ef0736
audio/units/battlecruiser/canonical/207c580f98f2b433__Battlecruiser_Ready00.ogg,move,SC2 game-data canonical recovery,207c580f98f2b433108178a0bc4805c2539b43225ec692c35380d11ba220513f
audio/units/battlecruiser/canonical/cfe93b7c975d3d18__Battlecruiser_What00.ogg,move,SC2 game-data canonical recovery,cfe93b7c975d3d186e595912bead3f295c63ee1c9f99ba13839d4a21a1fd34c5
audio/units/battlecruiser/canonical/2bb84a910422e0f0__Battlecruiser_What01.ogg,move,SC2 game-data canonical recovery,2bb84a910422e0f0cfa4736c6fb4d05e502a119502765d35612357c922bfebaa
audio/units/battlecruiser/canonical/3802e1a257a3d6ee__Battlecruiser_What02.ogg,move,SC2 game-data canonical recovery,3802e1a257a3d6ee58b46b0cda975f8b011ba3fa3da61558918f169b356aba5d
audio/units/battlecruiser/canonical/532e1bc45ccde9ae__Battlecruiser_What03.ogg,move,SC2 game-data canonical recovery,532e1bc45ccde9ae25ca62890e8dc20eb51b118e390caa44639cd9bcca08f8ec
audio/units/battlecruiser/canonical/427b45ddb809d570__Battlecruiser_What04.ogg,move,SC2 game-data canonical recovery,427b45ddb809d570cf4c8cda274de6a9ddf42d4bd16fefdc34aeee3d87ebe7c6
audio/units/battlecruiser/canonical/03dcefe1e29a7f57__Battlecruiser_What05.ogg,move,SC2 game-data canonical recovery,03dcefe1e29a7f5714dd4d7ec1efd399b259a5bdc2be0e8a06ee6c42df36390a
audio/units/battlecruiser/canonical/3ff16f1b9bb099d0__Battlecruiser_Yes00.ogg,move,SC2 game-data canonical recovery,3ff16f1b9bb099d07af52d352b2aaf90da265ba06d78e753f86dc09d2aab9a9f
audio/units/battlecruiser/canonical/d911f0bb0e17ceb1__Battlecruiser_Yes01.ogg,move,SC2 game-data canonical recovery,d911f0bb0e17ceb1232b6037d3589129c96131174135f6d818d7034c9cadb1cc
audio/units/battlecruiser/canonical/6d2a2442e4a01c2c__Battlecruiser_Yes02.ogg,move,SC2 game-data canonical recovery,6d2a2442e4a01c2c3ccea403474203fabc648298041e025d747e49a0bef18263
audio/units/brood_lord/canonical/cbec2f97658acb93__BroodLord_Attack1.ogg,attack,SC2 game-data canonical recovery,cbec2f97658acb9312ba124ae410d2311afba9286b23a6034f6eaee9994c5dbd
audio/units/brood_lord/canonical/f041ad116c6b4766__BroodLord_Attack2.ogg,attack,SC2 game-data canonical recovery,f041ad116c6b47667d8332e740eec5bd19e0cf8e70dc281669deac1470013f98
audio/units/brood_lord/canonical/53f3c739fa95d01c__BroodLord_Attack0.ogg,attack|chatter,SC2 game-data canonical recovery,53f3c739fa95d01cc6fcea9801ada7238a04d02e5f4dea5f7d37f0fc73c2816c
audio/units/brood_lord/canonical/4156527496216ded__BroodLord_Death0.wav,death,SC2 game-data canonical recovery,4156527496216ded7208572fab5be92612b47625f7459cb3a9bfed9f13bf6910
audio/units/brood_lord/canonical/41dbeec9558281cd__BroodLord_Ready0.ogg,move,SC2 game-data canonical recovery,41dbeec9558281cdc249ef12658f4ae3747c584d3fb53b0d7f622c109aa21d69
audio/units/brood_lord/canonical/e2760b876f2ed708__BroodLord_Ready1.ogg,move,SC2 game-data canonical recovery,e2760b876f2ed70860ab8170e8cb9cc02662000eb6786a7e93e8a744068dd614
audio/units/brood_lord/canonical/6e0060dca0cacd32__BroodLord_Ready2.ogg,move,SC2 game-data canonical recovery,6e0060dca0cacd324c3b8f51fb96c94a3d702d04f8cac17ab65b670309dab722
audio/units/brood_lord/canonical/92b72b5c15ab4fd5__BroodLord_What0.ogg,move,SC2 game-data canonical recovery,92b72b5c15ab4fd5b8a26c16681179c30ccd49002156675ee0443a09312aa29d
audio/units/brood_lord/canonical/3dec5000247e2f7b__BroodLord_What1.ogg,move,SC2 game-data canonical recovery,3dec5000247e2f7b842a72803c4ca8fb2dc50bc28e8772f5eb83caaea0267972
audio/units/brood_lord/canonical/60b90f31f1d21acb__BroodLord_What2.ogg,move,SC2 game-data canonical recovery,60b90f31f1d21acb4116e1726792736201308abcc1ffdb455348ded0d5c39763
audio/units/brood_lord/canonical/96962bd66b341e7d__BroodLord_What3.ogg,move,SC2 game-data canonical recovery,96962bd66b341e7d101ca9371f3bb26ae80f2e4c92616afc0a9eeb03710584cf
audio/units/brood_lord/canonical/bff2459f7e12dabe__BroodLord_What4.ogg,move,SC2 game-data canonical recovery,bff2459f7e12dabe7c1c7a0675dbf819c655f1210016e6323b9ef48c1b609635
audio/units/brood_lord/canonical/b0e61907bd0b4b65__BroodLord_What5.ogg,move,SC2 game-data canonical recovery,b0e61907bd0b4b658e3321814704f5690c96f0b0079242acb1db3b405744cd20
audio/units/brood_lord/canonical/50bcf90af03402dd__BroodLord_What6.ogg,move,SC2 game-data canonical recovery,50bcf90af03402dda37bd7b8c3d031acc229039d8bf6885539cb9721bf0a34be
audio/units/brood_lord/canonical/8dae1296981923a9__BroodLord_What7.ogg,move,SC2 game-data canonical recovery,8dae1296981923a9e72d902ff4823d204c9b6de748a0aac16af9fc390495741e
audio/units/brood_lord/canonical/11b75880675a574f__BroodLord_What8.ogg,move,SC2 game-data canonical recovery,11b75880675a574fefbcfacb418a798f56760787a80bb737ecbec0e914bb5b43
audio/units/brood_lord/canonical/04e4367ed0e4f948__BroodLord_What9.ogg,move,SC2 game-data canonical recovery,04e4367ed0e4f948fcbf043aa11693f1ea12ae85dcadb1784ffc5fc3b6e10ced
audio/units/carrier/canonical/8821dab1b72bc904__Carrier_Ready00.ogg,move,SC2 game-data canonical recovery,8821dab1b72bc904da84a2237af80d36d64da301e2fccdad509c5bc0fe92f68d
audio/units/carrier/canonical/6d88de936c87a7e1__Carrier_What00.ogg,move,SC2 game-data canonical recovery,6d88de936c87a7e1ea1bd799adfbaed2eb15c7004e90011b9f72a6ac34b7a0c2
audio/units/carrier/canonical/dc660045ac970787__Carrier_What01.ogg,move,SC2 game-data canonical recovery,dc660045ac970787e631849451c645507476a52104f047cfa36ef0d3432e2091
audio/units/carrier/canonical/dd0ab0471a60e6f8__Carrier_What02.ogg,move,SC2 game-data canonical recovery,dd0ab0471a60e6f85e7d09cd728a506d03c06de8c5ef7c37ece6981e783691a2
audio/units/carrier/canonical/c2c5fcbbea4b952d__Carrier_What03.ogg,move,SC2 game-data canonical recovery,c2c5fcbbea4b952d5f1f6d0d70ca3d5598567cad2001b5fdf9e25309505606c4
audio/units/corruptor/canonical/cacc0cbadaeaaf6a__Corruptor_Death0.wav,death,SC2 game-data canonical recovery,cacc0cbadaeaaf6a36dc9a3d41bc79f89ed4ab0b692aca86186884628e6c2f76
audio/units/corruptor/canonical/bb8505158f850cfd__Corruptor_Death1.wav,death,SC2 game-data canonical recovery,bb8505158f850cfd29386f9e378179668fbf7ed2bc91426ccb3444e76b386cac
audio/units/corruptor/canonical/5f6722d83a97789f__Corruptor_Ready0.ogg,move,SC2 game-data canonical recovery,5f6722d83a97789f7e2be0cf23b93e7431ef4e050a5c652f2baf97820c4c349c
audio/units/corruptor/canonical/3b6e6483f96a8b2c__Corruptor_Ready1.ogg,move,SC2 game-data canonical recovery,3b6e6483f96a8b2c72451e4e2ee87d5016fc611a76ec6feb49c3e57e53fc6b74
audio/units/corruptor/canonical/eb4848cdb864921a__Corruptor_Ready2.ogg,move,SC2 game-data canonical recovery,eb4848cdb864921a8b3c09d9cf36acfa43582f4cfec22efd735ff0edfd0e48a4
audio/units/corruptor/canonical/73c4f63526f3d918__Corruptor_Ready3.ogg,move,SC2 game-data canonical recovery,73c4f63526f3d918df19aa4a131fe79a864c79e39669bf679af187c485f097e2
audio/units/corruptor/canonical/19c766a207b6c042__Corruptor_What0.ogg,move,SC2 game-data canonical recovery,19c766a207b6c042e58439cc61bd13a76c1afd7a6143c628f3d87daa588329fa
audio/units/corruptor/canonical/c93ccf8b1261cca6__Corruptor_What1.ogg,move,SC2 game-data canonical recovery,c93ccf8b1261cca675ab2c350ff668586da7f62327559dbf806929fff68fa090
audio/units/corruptor/canonical/89742ce6e06a0e72__Corruptor_What2.ogg,move,SC2 game-data canonical recovery,89742ce6e06a0e72990ded479b96b54bbb1c83f4a3c30711b234e53172ee5f38
audio/units/corruptor/canonical/65649f5bd4260dec__Corruptor_What3.ogg,move,SC2 game-data canonical recovery,65649f5bd4260dec23b6b608d797fe3705839cfda0515446aea8f7b5f62910b0
audio/units/corruptor/canonical/223c90bb2fe6b7bb__Corruptor_What4.ogg,move,SC2 game-data canonical recovery,223c90bb2fe6b7bbe0fffcd77fa0698fc0c99a8113e0b1503feb90690b6ff3a4
audio/units/corruptor/canonical/de6d7a0bdc918866__Corruptor_What5.ogg,move,SC2 game-data canonical recovery,de6d7a0bdc9188664caf5a12e9ef3fde39d300729020837d09a038ebfe082759
audio/units/corruptor/canonical/1618a8d95e2618e9__Corruptor_What6.ogg,move,SC2 game-data canonical recovery,1618a8d95e2618e90b7d5605eee471046306babf829b5e5237ff62e100744362
audio/units/corruptor/canonical/01dc606c8bf1711c__Corruptor_What7.ogg,move,SC2 game-data canonical recovery,01dc606c8bf1711c8ac0d7446de5ebf5b7bc6975a426d78dfda616531d1dda5a
audio/units/corruptor/canonical/94348ff4b87ce0ac__Corruptor_What8.ogg,move,SC2 game-data canonical recovery,94348ff4b87ce0ace04452fc2aca14fdb580f9993ea6748d8a524b47f2c219af
audio/units/corruptor/canonical/491b56a1195286ab__Corruptor_What9.ogg,move,SC2 game-data canonical recovery,491b56a1195286aba07aa2ca5f6a17201ed3e0ee4e89d741558bec3bc95f1926
audio/units/dark_templar/canonical/372f3153649ac77b__DarkTemplar_Death00.wav,death,SC2 game-data canonical recovery,372f3153649ac77b65c8a1c04db760876b44e34bc653a6d0035d6cb984f01728
audio/units/dark_templar/canonical/7c6853f1ce1769da__DarkTemplar_Ready00.ogg,move,SC2 game-data canonical recovery,7c6853f1ce1769da9f4791d0e6378e28453e10f965738295f447e8a102048e27
audio/units/dark_templar/canonical/9b6e8f550e53f1c5__DarkTemplar_What00.ogg,move,SC2 game-data canonical recovery,9b6e8f550e53f1c54dc94d1b7847e713c57d544331f8043b8c8cb3e956d7b4d1
audio/units/dark_templar/canonical/d9cdc20ae79505b5__DarkTemplar_What01.ogg,move,SC2 game-data canonical recovery,d9cdc20ae79505b5887b356a35a2b024b33bb6be19fb9a42e17546b2c54bf56a
audio/units/dark_templar/canonical/8ab32ca6d551d3a1__DarkTemplar_What02.ogg,move,SC2 game-data canonical recovery,8ab32ca6d551d3a1accfcee4ce18764f4c419f65c893715eae97b6c7b694b3e8
audio/units/dark_templar/canonical/884aeebe7ae7ef3e__DarkTemplar_What03.ogg,move,SC2 game-data canonical recovery,884aeebe7ae7ef3e1b31db8c0d912bddbf59c7b8bf762925f7f975ca296e7929
audio/units/disruptor/canonical/6135530ab9a01aa4__RobotPusher_Pusher_019.ogg,attack,SC2 game-data canonical recovery,6135530ab9a01aa477c21752c80a1ed38d1cc2f0357fa66c40fc35a8c19fe662
audio/units/disruptor/canonical/7d8cb3d130b7917e__RobotPusher_Pusher_020.ogg,attack,SC2 game-data canonical recovery,7d8cb3d130b7917ed1b659a136e6e9e49efd6000dcd62f17eba6c9db324e60de
audio/units/disruptor/canonical/9817a9ee657f0b7b__RobotPusher_Pusher_021.ogg,attack,SC2 game-data canonical recovery,9817a9ee657f0b7b960e0a916e2dd68911419e7e3eef066362fb06d31935406d
audio/units/disruptor/canonical/c55ec227ea7014ef__RobotPusher_Pusher_022.ogg,attack,SC2 game-data canonical recovery,c55ec227ea7014efc77f8756a8742682e5c2e972c7323292066d485e742a8339
audio/units/disruptor/canonical/c305409f8c2202c4__RobotPusher_Pusher_023.ogg,attack,SC2 game-data canonical recovery,c305409f8c2202c43715344cc92ae96649a8d6fd7b382f229cbb476ecdddd5ff
audio/units/disruptor/canonical/5a4d823590027dd1__RobotPusher_Pusher_028.ogg,chatter,SC2 game-data canonical recovery,5a4d823590027dd13d265338e468709bf3749e395253b8af9ac3efbad280c884
audio/units/disruptor/canonical/3aaba1cc1543b3fc__RobotPusher_Pusher_029.ogg,chatter,SC2 game-data canonical recovery,3aaba1cc1543b3fc8b6fa7beb13bda61552647a32b4b0bc36f3785d93971be22
audio/units/disruptor/canonical/af50b4d1bc1850bb__RobotPusher_Pusher_030.ogg,chatter,SC2 game-data canonical recovery,af50b4d1bc1850bb2a560931e65be53d4f38fa110e5b0b26d07c78d237485d9c
audio/units/disruptor/canonical/853f64db3601a271__RobotPusher_Pusher_031.ogg,chatter,SC2 game-data canonical recovery,853f64db3601a2710be704679f575fd16a6585a5a090dc00be04090f921d0853
audio/units/disruptor/canonical/d2235edb3ccb845a__RobotPusher_Pusher_032.ogg,chatter,SC2 game-data canonical recovery,d2235edb3ccb845a8c4c32911fdc56ff27dbfe0a9ab8aa6e987834675a474daf
audio/units/disruptor/canonical/a8a79056be19cdd6__RobotPusher_Pusher_033.ogg,chatter,SC2 game-data canonical recovery,a8a79056be19cdd6ac5fcd64a95064faa28eb9317fb2baf26d143494f8df212c
audio/units/disruptor/canonical/0c37a325bdc87446__RobotPusher_Pusher_034.ogg,chatter,SC2 game-data canonical recovery,0c37a325bdc8744658b09f45b1f5ead495698a4287567cd09c74bcbedb2e3f93
audio/units/disruptor/canonical/74b6643af570bb56__RobotPusher_Pusher_042.ogg,chatter,SC2 game-data canonical recovery,74b6643af570bb561b41aed321d85d733dcdc70fb75282d2ec9590a4525d351b
audio/units/disruptor/canonical/bbc7f0d3da86a1d7__RobotPusher_Pusher_043.ogg,chatter,SC2 game-data canonical recovery,bbc7f0d3da86a1d72b350b3e7b4684d16621675c2ad4c90ee876aaac45cca39d
audio/units/disruptor/canonical/ffabf83f278de34f__RobotPusher_Pusher_044.ogg,chatter,SC2 game-data canonical recovery,ffabf83f278de34f5c884151bfcfde0e2baed0d2a0f4554cec0782760aa87b7d
audio/units/disruptor/canonical/085ac8ebffd358e5__RobotPusher_Pusher_006.ogg,move,SC2 game-data canonical recovery,085ac8ebffd358e564497998273629a846475fbbb8475607f8755eba3eb8805f
audio/units/disruptor/canonical/510cd04e8d1d802a__RobotPusher_Pusher_007.ogg,move,SC2 game-data canonical recovery,510cd04e8d1d802abbf8e16650c98249fd53e20d6e12fdfb44884124e1f41c0c
audio/units/disruptor/canonical/6eff2ee5928bd645__RobotPusher_Pusher_008.ogg,move,SC2 game-data canonical recovery,6eff2ee5928bd64506954a5d63adca9178e9d104f8dd8342a098bbcff2f127e3
audio/units/disruptor/canonical/d5f8a8af396685c4__RobotPusher_Pusher_009.ogg,move,SC2 game-data canonical recovery,d5f8a8af396685c41face5b95dc37b6c0c50b225ca63d7ffebce417043744232
audio/units/disruptor/canonical/62efcef91eb93832__RobotPusher_Pusher_010.ogg,move,SC2 game-data canonical recovery,62efcef91eb938324285435e505be9c79455aa21d00e756c34da4cfff3861b24
audio/units/disruptor/canonical/ce45c1e6cf671787__RobotPusher_Pusher_011.ogg,move,SC2 game-data canonical recovery,ce45c1e6cf671787ef2ce69d1b49ee9d6fcefaeebdb89309cf9110fbb5915586
audio/units/disruptor/canonical/4e1eae34ff3ce5be__RobotPusher_Pusher_012.ogg,move,SC2 game-data canonical recovery,4e1eae34ff3ce5be3fbd43a42488610fa4378638728e4127baef41d6ecec8896
audio/units/disruptor/canonical/0fd4033483036927__RobotPusher_Pusher_013.ogg,move,SC2 game-data canonical recovery,0fd4033483036927d751242f9c358cb6b8d1c10eb119e6e7fb17a4956511f3c7
audio/units/disruptor/canonical/a249d769a1ccdd8b__RobotPusher_Pusher_014.ogg,move,SC2 game-data canonical recovery,a249d769a1ccdd8be4f1fb67fbe3c3a0a2a17bb1c4393bb827c8d53177daf518
audio/units/disruptor/canonical/651bbde5ce0abc6e__RobotPusher_Pusher_015.ogg,move,SC2 game-data canonical recovery,651bbde5ce0abc6e6dd94e0cc40361616eff1f94e1cce384e500380df385591b
audio/units/disruptor/canonical/9e897e41faf5aec3__RobotPusher_Pusher_016.ogg,move,SC2 game-data canonical recovery,9e897e41faf5aec348c86e67a77f2e037d521e5b655f793081438747f2706c55
audio/units/disruptor/canonical/97ef4b1046fa7b57__RobotPusher_Pusher_017.ogg,move,SC2 game-data canonical recovery,97ef4b1046fa7b57320a22a7ac1659e9f645131bc86a4bb2c58e3b2aad8c8172
audio/units/disruptor/canonical/9b6c8fcba7eed4e6__RobotPusher_Pusher_018.ogg,move,SC2 game-data canonical recovery,9b6c8fcba7eed4e63be9b7062543211983868a3932fb839f34bc37c2fa01d1d8
audio/units/disruptor/canonical/cc43e7b43ddbd95b__RobotPusher_Pusher_024.ogg,move,SC2 game-data canonical recovery,cc43e7b43ddbd95b6c3050dddcbea7e2bff51246b615b8e360ed9dce212015e7
audio/units/disruptor/canonical/1dcfaf5bf79bb305__RobotPusher_Pusher_040.ogg,move,SC2 game-data canonical recovery,1dcfaf5bf79bb305304155887aa37ff086c2e764207f8f8de1680b6d48c0a423
audio/units/drone/canonical/228adff3370e1d3e__Drone_Attack0.ogg,attack|chatter,SC2 game-data canonical recovery,228adff3370e1d3e446caeeafd1e6770cbd1fa2d9a1d92b8c101f6a6c1fda8b8
audio/units/drone/canonical/5f47b4b7e26cb93a__Drone_Attack1.ogg,attack|chatter,SC2 game-data canonical recovery,5f47b4b7e26cb93a27173626096005f9c67c3d56f1bdf67e841b0654ca4d8413
audio/units/drone/canonical/1cb166f0bc114cdb__Drone_Attack2.ogg,attack|chatter,SC2 game-data canonical recovery,1cb166f0bc114cdbdb57e1af0c93890dd9191c18ca08e4f46881a72f71fbf652
audio/units/drone/canonical/48b19876c43515de__Drone_Death0.wav,death,SC2 game-data canonical recovery,48b19876c43515deea190c32567bce52b6db75029462535129d9e00ec43cdd44
audio/units/drone/canonical/d1d276ae18fe3567__Drone_Death1.wav,death,SC2 game-data canonical recovery,d1d276ae18fe35672d831d19203c455719c8253e2abed3304cd6b2979f91d4d3
audio/units/drone/canonical/bc4d02bb82467242__Drone_Death2.wav,death,SC2 game-data canonical recovery,bc4d02bb824672429014ff387973dff2077f14a9e7ec959f2dc7ee4c38911a5c
audio/units/drone/canonical/74c796a981c00c29__Drone_Death3.wav,death,SC2 game-data canonical recovery,74c796a981c00c292383e7039bedb38c8f6e89bc790d53fae82710d8e59b9c14
audio/units/drone/canonical/2aac36e0f85dda8f__Drone_Ready0.ogg,move,SC2 game-data canonical recovery,2aac36e0f85dda8fa78a673434ddd4470886460eb50bf82301c51bfa6fb26575
audio/units/drone/canonical/b111e775851551dc__Drone_Ready1.ogg,move,SC2 game-data canonical recovery,b111e775851551dcd8937e54c6bf9aeb66623c5df1765ed87253fa6112dea662
audio/units/drone/canonical/72de37ec32d13ea8__Drone_What0.ogg,move,SC2 game-data canonical recovery,72de37ec32d13ea89ccebce82416a183f7959b8cfbfd143ef3fde911ba00ca28
audio/units/drone/canonical/940a65bfd80c4c37__Drone_What1.ogg,move,SC2 game-data canonical recovery,940a65bfd80c4c37df7eeb7ed3ab7a19879c1f2181c46fa7c441e6e103ea0bb9
audio/units/drone/canonical/00d174145c2d4d9e__Drone_What2.ogg,move,SC2 game-data canonical recovery,00d174145c2d4d9ecb1b3483c781faea5f3073760cc86aa98500ece80d226c2a
audio/units/drone/canonical/2fbf4a064a3aa652__Drone_What3.ogg,move,SC2 game-data canonical recovery,2fbf4a064a3aa65282ffeb26b6f5496d56bdc7b7f5f6c6a15f90c2e9336a95ce
audio/units/drone/canonical/8115e959137017fc__Drone_What4.ogg,move,SC2 game-data canonical recovery,8115e959137017fc90964199d2d30f20ff125e0cb731e4643528714698a681b8
audio/units/drone/canonical/3204c9c67232be01__Drone_What5.ogg,move,SC2 game-data canonical recovery,3204c9c67232be01ca9989ea294cf51ed5803bbb6a488ce0b432a3936bb6fa3f
audio/units/drone/canonical/80230203b9457e25__Drone_What6.ogg,move,SC2 game-data canonical recovery,80230203b9457e25e2297aa9b28c767098218540e0b2ce0fcd6d9e4752e43f97
audio/units/drone/canonical/3a31d59a9eca8456__Drone_What7.ogg,move,SC2 game-data canonical recovery,3a31d59a9eca84566f0e91539baf907d025f3ffab783f1bd2ddb79bfa21a37a7
audio/units/drone/canonical/efd869b6a6593d2a__Drone_What8.ogg,move,SC2 game-data canonical recovery,efd869b6a6593d2af09356a808577df43dd0ef3bd5aa02d20602cd36e63279f7
audio/units/drone/canonical/c77dbcda3ec6d357__Drone_What9.ogg,move,SC2 game-data canonical recovery,c77dbcda3ec6d3576a84fb9b0b9a987efaaab185dd1cf2ab24cda11cf2c8f641
audio/units/ghost/canonical/5845b7ef20b00502__Ghost_Death00.wav,death,SC2 game-data canonical recovery,5845b7ef20b00502c405b5a0eb030c7c9b480298ff03c1b6dd7e79cd6c346003
audio/units/ghost/canonical/4e8c5600baf1e5b0__Ghost_Death01.wav,death,SC2 game-data canonical recovery,4e8c5600baf1e5b03cc8766104b66ec529df25664ef8efde71430db63e07e3ad
audio/units/ghost/canonical/fa82f6d7ab9713d0__Ghost_Ready00.ogg,move,SC2 game-data canonical recovery,fa82f6d7ab9713d0da2e8899fa33d6c16a2a8f3c2fa22ec9e90c90a9afec7856
audio/units/ghost/canonical/25e8dc624a5c740f__Ghost_What00.ogg,move,SC2 game-data canonical recovery,25e8dc624a5c740fcd5202173f10c672ecaeee13a4f0c958d5f1dcff25e10357
audio/units/ghost/canonical/8613e2f16d979e12__Ghost_What01.ogg,move,SC2 game-data canonical recovery,8613e2f16d979e1276e53d055251143f0bdbc42911a14175e82ec7239d675483
audio/units/ghost/canonical/75be73f625f7bcdc__Ghost_What02.ogg,move,SC2 game-data canonical recovery,75be73f625f7bcdc4e7e324016543f727ce6208f666c5d06b8a2ac134931d272
audio/units/ghost/canonical/60668dd7863acdd1__Ghost_What03.ogg,move,SC2 game-data canonical recovery,60668dd7863acdd1a9b6c0b5eb79ebb61ffeca573f22e2fc06252cd24fe48f7c
audio/units/ghost/canonical/83077a3a8c4f11ea__Ghost_What04.ogg,move,SC2 game-data canonical recovery,83077a3a8c4f11ea8d43efcb6f7fcff91b0ae7f7590d930cf8ecf9aa1484f41f
audio/units/ghost/canonical/d033cef54baf53f9__Ghost_What05.ogg,move,SC2 game-data canonical recovery,d033cef54baf53f9dfcc0db6586e75c0f18fd73b19a02520c757e1a913453058
audio/units/ghost/canonical/226edbfb31e41e1d__Ghost_Yes00.ogg,move,SC2 game-data canonical recovery,226edbfb31e41e1d3ddd88352357d67e9ecc1ab1e824a60e50a5261b10196db7
audio/units/hellion/canonical/f707d930fa41da1e__Hellion_Death00.wav,death,SC2 game-data canonical recovery,f707d930fa41da1eb8b6a9ccab25737993bd739c5c2f15360be97af27b2b5f00
audio/units/hellion/canonical/cf73216470d1a659__Hellion_Death01.wav,death,SC2 game-data canonical recovery,cf73216470d1a659e38a8a3ef3221abe386d8f8afaa8e04344d49a949194c3c5
audio/units/hellion/canonical/58ce839047a88e0d__Hellion_Ready00.ogg,move,SC2 game-data canonical recovery,58ce839047a88e0df6b7bd6a049232bb6a9cb464f9ecc9dac6ad65fa401bdc4d
audio/units/hellion/canonical/d5499b7a140af42e__Hellion_What00.ogg,move,SC2 game-data canonical recovery,d5499b7a140af42e064ad932907ab253e57f7e629a3564e5f8a24227c88cfaa5
audio/units/hellion/canonical/e11264d952025db2__Hellion_What01.ogg,move,SC2 game-data canonical recovery,e11264d952025db276ec202da5515819dcacf33a76a121a25bed659d6ab0257e
audio/units/hellion/canonical/c44786edbcff8bb9__Hellion_What02.ogg,move,SC2 game-data canonical recovery,c44786edbcff8bb9306fa3738731090b39f1b02f0aa981960e4226ed06b4f9f3
audio/units/hellion/canonical/f586bff0338cbbf5__Hellion_What03.ogg,move,SC2 game-data canonical recovery,f586bff0338cbbf5e83072884383ecaa2e13b5f7c3656f8a83636fbb438347f2
audio/units/hellion/canonical/b12b44ed42ef223c__Hellion_What04.ogg,move,SC2 game-data canonical recovery,b12b44ed42ef223c1ece49d99ebcb5e86a047465e5d7a5b3e510e21158a74340
audio/units/hellion/canonical/adb9a3373591a497__Hellion_What05.ogg,move,SC2 game-data canonical recovery,adb9a3373591a497bf0ee8d29675151d8c9e04c28a251f7097a4f5ac54c61f01
audio/units/hellion/canonical/ce650f51d45b7ccc__Hellion_Yes00.ogg,move,SC2 game-data canonical recovery,ce650f51d45b7ccc5f2bb9618172e4ab0d43eb9c095f353c1efb57b95bae7661
audio/units/hellion/canonical/b14e4ffe3cf388c2__Hellion_Yes01.ogg,move,SC2 game-data canonical recovery,b14e4ffe3cf388c299382ab0d84de83edec89341735e3147eeea624a01685a24
audio/units/high_templar/canonical/be821dde52420483__HighTemplar_Death0.wav,death,SC2 game-data canonical recovery,be821dde524204837409ffaf56a7379ecfaec5df044c361d3618bc09f4fd245c
audio/units/high_templar/canonical/c8983f291fd9a546__HighTemplar_Ready00.ogg,move,SC2 game-data canonical recovery,c8983f291fd9a546b8710efa4dd580bf3457978878866370f4bd01d36abf1fa1
audio/units/high_templar/canonical/3bae23e3a4d60b40__HighTemplar_What00.ogg,move,SC2 game-data canonical recovery,3bae23e3a4d60b403b191de53d65dae738948a169a57e7f084f628bbbed93a0a
audio/units/high_templar/canonical/1c54bf537aa1d178__HighTemplar_What01.ogg,move,SC2 game-data canonical recovery,1c54bf537aa1d178b2c090f199d1e3da55dcb0e669988f2b3f61ce2f2a884953
audio/units/high_templar/canonical/2bc2400336ef7de9__HighTemplar_What02.ogg,move,SC2 game-data canonical recovery,2bc2400336ef7de903ecc00ad34db5a58073081af4cf0ef82cf1442d59cda3ee
audio/units/high_templar/canonical/3212a393d349e059__HighTemplar_What03.ogg,move,SC2 game-data canonical recovery,3212a393d349e059211b2dec3e988d49c5613347abd621398ad81e7216b82ae3
audio/units/infestor/canonical/5f73b35e09d9512c__Infestor_Death0.wav,death,SC2 game-data canonical recovery,5f73b35e09d9512ceb35a26bb8abf68bb0c0cabce591c8566fc40a263bc72fc2
audio/units/infestor/canonical/0f9c36991a4c548f__Infestor_Ready0.ogg,move,SC2 game-data canonical recovery,0f9c36991a4c548f12731e2c70a6117e60ef62e713559e448ae2467f062be4f7
audio/units/infestor/canonical/f41e9651308fa2c6__Infestor_Ready1.ogg,move,SC2 game-data canonical recovery,f41e9651308fa2c6b8016fdc95c27df5c4e4141bbb4ccebd4e103408bbfadccb
audio/units/infestor/canonical/0799ddbbe9cdf55f__Infestor_What3.ogg,move,SC2 game-data canonical recovery,0799ddbbe9cdf55f0009c846247668aa6207c660c6961dc0116abd7709d0089d
audio/units/infestor/canonical/e3be13ea8988da56__Infestor_What4.ogg,move,SC2 game-data canonical recovery,e3be13ea8988da5673c1bdc6fdcd26a0dd4296716d963772aee32f27a4b93f85
audio/units/infestor/canonical/f18b4c1fcc93639e__Infestor_What5.ogg,move,SC2 game-data canonical recovery,f18b4c1fcc93639e7a4e88496302b28d2bda1c5d14865da350d08182ee9b404e
audio/units/infestor/canonical/b0a208444c8ac812__Infestor_What6.ogg,move,SC2 game-data canonical recovery,b0a208444c8ac812fe518358aa38ca965879809aac67391e1d96a8304e172909
audio/units/infestor/canonical/07c19fcf386510f7__Infestor_What0.ogg,move|chatter,SC2 game-data canonical recovery,07c19fcf386510f7408b4ae4871edc063d7f28a10cfb34aa1858b85cdd1d5596
audio/units/infestor/canonical/aaf26f168550f5ec__Infestor_What1.ogg,move|chatter,SC2 game-data canonical recovery,aaf26f168550f5ec6a4da6735d5ad628bf874e9427665a2fe942ee842a6bbca5
audio/units/infestor/canonical/8bdd087be43c2e66__Infestor_What2.ogg,move|chatter,SC2 game-data canonical recovery,8bdd087be43c2e66ac518d4ec4633e0e049f079af31952e65f62faca21cc709a
audio/units/lurker/canonical/794f5ec1237dee12__Lurker_Attack0.ogg,attack,SC2 game-data canonical recovery,794f5ec1237dee12e9233a408cd91ebc45384fa95532b9fbc1418e103350ca86
audio/units/lurker/canonical/6b71e3dc65498ff4__Lurker_Attack1.ogg,attack,SC2 game-data canonical recovery,6b71e3dc65498ff4e52cf92ba5c7345a504a11fcb0df000cfb6374577289dafa
audio/units/lurker/canonical/f41f647e8ac5ae17__Lurker_Attack2.ogg,attack,SC2 game-data canonical recovery,f41f647e8ac5ae177d59a5ce7d237e32470aac468295330032b5def587229f20
audio/units/lurker/canonical/b593818d6fddcd5d__Lurker_Death0.wav,death,SC2 game-data canonical recovery,b593818d6fddcd5d9dbcad0fe92f267ef3cf3df2a38c6e2440ff9f145e0dfe33
audio/units/lurker/canonical/357bf496315f6fd6__Lurker_Death1.wav,death,SC2 game-data canonical recovery,357bf496315f6fd6cddc59de2b8bd24a3d201fd0ab5b97814ef5f315823f39b8
audio/units/lurker/canonical/d97a82a5d2c707cc__Lurker_Ready0.ogg,move,SC2 game-data canonical recovery,d97a82a5d2c707ccf75b798530345ec0aec840ccc68ff451d621475fdb93d522
audio/units/lurker/canonical/f349d8436704409c__Lurker_Ready1.ogg,move,SC2 game-data canonical recovery,f349d8436704409c46b4d1b2b2267f5965aa3928499c72e98433be164d844612
audio/units/lurker/canonical/15127352eb5e6d45__Lurker_What0.ogg,move,SC2 game-data canonical recovery,15127352eb5e6d451a4621abeb5dc7446c13caa0f2fe236eae4f6821e4fe21e9
audio/units/lurker/canonical/ca3c9e6908278b17__Lurker_What1.ogg,move,SC2 game-data canonical recovery,ca3c9e6908278b1743b276f1cc1ee598cfe9f29a165fffe989a0753cd1c7c216
audio/units/lurker/canonical/f4073d6946fa8c68__Lurker_What2.ogg,move,SC2 game-data canonical recovery,f4073d6946fa8c684509c954935ac54a78f37cee66c03e04cb27554aaf6987ce
audio/units/lurker/canonical/f0fddb7c012d61f0__Lurker_What3.ogg,move,SC2 game-data canonical recovery,f0fddb7c012d61f0c2c745f2b45cddcfb4199ee348f91759cf51a1d0ad0660e8
audio/units/lurker/canonical/1119139be16fb396__Lurker_What4.ogg,move,SC2 game-data canonical recovery,1119139be16fb396d891348d8113b28c8ff253eef78088ef6ed93cb54ad5535a
audio/units/lurker/canonical/73d4e27465fd65f9__Lurker_What5.ogg,move,SC2 game-data canonical recovery,73d4e27465fd65f918ed8877c326b5ea44b0c38a43603f6a4953108f8348ff3f
audio/units/lurker/canonical/84ecfbbe907db543__Lurker_What6.ogg,move,SC2 game-data canonical recovery,84ecfbbe907db5439a994908a61cb2a72e56780bb7b9abd19e0d3a9ecca576a6
audio/units/lurker/canonical/037671ae8828b1b8__Lurker_What7.ogg,move,SC2 game-data canonical recovery,037671ae8828b1b878b890e07fa74fc0fffa38b276a8ec9ddc38f35fc0a500b6
audio/units/marauder/canonical/85f6964ec7ee04f7__Marauder_Death00.wav,death,SC2 game-data canonical recovery,85f6964ec7ee04f7822561390e034bd2085fc8ede37e15638214e4df785e60cc
audio/units/marine/canonical/a1ec93d95dca1b0e__Marine_Death00.wav,death,SC2 game-data canonical recovery,a1ec93d95dca1b0eedd21f59769c060118d3862c8280486f4de8e01135cf4f7b
audio/units/marine/canonical/99bfea009fd3b76b__Marine_Death01.wav,death,SC2 game-data canonical recovery,99bfea009fd3b76b4e3c124662fed3559236b34cabf32dd31b7edd1d2c109b2c
audio/units/marine/canonical/99829831a1a6e796__Marine_Yes00.ogg,move,SC2 game-data canonical recovery,99829831a1a6e7968bf6ec7933ed3a765d7d7beaf74d8cfd8f788482e925c3d9
audio/units/marine/canonical/abf3beea2818bc1c__Marine_Yes01.ogg,move,SC2 game-data canonical recovery,abf3beea2818bc1cc5a41e59a4f988f721e1066b6982cde615b57ee9f1732e4c
audio/units/marine/canonical/1c7875612da270d8__Marine_Yes02.ogg,move,SC2 game-data canonical recovery,1c7875612da270d8f04329576e90b3bd8a8cb5eef7395531a5f8c7fe00f25d7e
audio/units/marine/canonical/9434340bd005e86d__Marine_Yes03.ogg,move,SC2 game-data canonical recovery,9434340bd005e86d47ad24341efa435689c75c753328c972dfec93278594ffb9
audio/units/marine/canonical/c4ec5eb61a756935__Marine_Yes04.ogg,move,SC2 game-data canonical recovery,c4ec5eb61a756935ae1e7c6874c086e82f898c71920e779a7cb276d2e70d6bd0
audio/units/marine/canonical/7833881bdea05285__Marine_Yes05.ogg,move,SC2 game-data canonical recovery,7833881bdea05285d6224eaac9bfe953f710bda542f54fbb526328be542569c7
audio/units/medivac/canonical/4b84bf7215335a6e__Medivac_Ready00.ogg,move,SC2 game-data canonical recovery,4b84bf7215335a6eebfe974342f75cbacf8ef4cd7dd9b6f2f9808117510b9941
audio/units/medivac/canonical/2dcd4885ab4c2363__Medivac_What00.ogg,move,SC2 game-data canonical recovery,2dcd4885ab4c23637fcc7fec57dcc751226b9751bcea4644ef83018e44fae64b
audio/units/medivac/canonical/e93c18ea39f2c3f9__Medivac_What01.ogg,move,SC2 game-data canonical recovery,e93c18ea39f2c3f938674b78ae9b8703ec876e30ecdb66b93baf65c3c5c82988
audio/units/medivac/canonical/da1d8eace8e9af48__Medivac_What02.ogg,move,SC2 game-data canonical recovery,da1d8eace8e9af486c004be5123bbc0da064cd533e94a256845fc9be5aaeefb5
audio/units/medivac/canonical/94b52b87e3db595c__Medivac_What03.ogg,move,SC2 game-data canonical recovery,94b52b87e3db595c8e8344ad833f4694d37d887b6d17cc1f9d6e6bd069a892e2
audio/units/medivac/canonical/4e7fba1faba28329__Medivac_What04.ogg,move,SC2 game-data canonical recovery,4e7fba1faba28329a6cbbe463bd82dfb67cca76f317cfbc006eeb42ada2cff07
audio/units/medivac/canonical/821e64e622518ebf__Medivac_What05.ogg,move,SC2 game-data canonical recovery,821e64e622518ebf65bd56d6472fdaac6a1e42bc39c9acc4b27abd617d97ab37
audio/units/medivac/canonical/f045d232d9267cfe__Medivac_What06.ogg,move,SC2 game-data canonical recovery,f045d232d9267cfe8d24458b5f47c397e5507e3d8d15c3bfb7fe5d8d1940e4d1
audio/units/medivac/canonical/0b2c2c28152164cc__Medivac_Yes00.ogg,move,SC2 game-data canonical recovery,0b2c2c28152164ccc827c37ed61ef669715a182c2407a58c4c7f93993b1380fe
audio/units/medivac/canonical/a315d03a37fd3eef__Medivac_Yes01.ogg,move,SC2 game-data canonical recovery,a315d03a37fd3eef9e3b2658158662f99dac89cd9db1d04230c0511ec36abf3e
audio/units/medivac/canonical/0dbbc1a60163b678__Medivac_Yes02.ogg,move,SC2 game-data canonical recovery,0dbbc1a60163b67862673f7a2941bbee439f6e4b35e8c33786e672cf493bf2f3
audio/units/mothership/canonical/7817e4af6be15197__Mothership_Ready00.ogg,move,SC2 game-data canonical recovery,7817e4af6be1519747e083a16d4a55b2ffacef4534a98b2c0f8d72ebd46dfcba
audio/units/mothership/canonical/2cc2242ebe85d878__Mothership_What00.ogg,move,SC2 game-data canonical recovery,2cc2242ebe85d878c1c98fe27f39af358d2fbc3d7a4008f8a026154c89beb13e
audio/units/mothership/canonical/ac2c128bbc4c8b18__Mothership_What01.ogg,move,SC2 game-data canonical recovery,ac2c128bbc4c8b1872a4d10a01f3b9ec4819dfaf217aff4cb6b12b54f1e74d10
audio/units/mothership/canonical/aef2d737c23fad2d__Mothership_What02.ogg,move,SC2 game-data canonical recovery,aef2d737c23fad2da9e3b02a9e6ee7719fc91ef03bd1e3025c145b1fcfea8fae
audio/units/mothership/canonical/e0711a9a0967c49d__Mothership_What03.ogg,move,SC2 game-data canonical recovery,e0711a9a0967c49d4a92272db5ca0136e9cde6a8536accb70b2b5f22eed79679
audio/units/mothership/canonical/be781eb10de16afd__Mothership_What04.ogg,move,SC2 game-data canonical recovery,be781eb10de16afd02be695d21002f1719073d0debacff0baaf94c4259d016e9
audio/units/mutalisk/canonical/b4b309a2bf9afb3e__Mutalisk_Attack00.ogg,attack,SC2 game-data canonical recovery,b4b309a2bf9afb3e1cb99aed838f0f3a7eb2b8117daf330844b7f4ec5f093a00
audio/units/mutalisk/canonical/3770e88d1bf25b05__Mutalisk_Attack01.ogg,attack,SC2 game-data canonical recovery,3770e88d1bf25b055985aceabdaf9362ee7e26ae05169bca3bbdc85761e17cc2
audio/units/mutalisk/canonical/b797eeebc5f23cfb__Mutalisk_Attack02.ogg,attack,SC2 game-data canonical recovery,b797eeebc5f23cfba4facbf26a086d1fddeb1fcee85290c0145cd9d8eb305136
audio/units/mutalisk/canonical/c891fd0f08c02346__Mutalisk_Attack03.ogg,attack,SC2 game-data canonical recovery,c891fd0f08c02346ad8ab1f2210e629e9703165dd44fa6266a904dc599bcd72e
audio/units/mutalisk/canonical/5e03d19f43c749a1__Mutalisk_Ready0.ogg,move,SC2 game-data canonical recovery,5e03d19f43c749a1f3c8082591b490e49e53ef664248ae2b23e155201161e6af
audio/units/mutalisk/canonical/7d45a1c5fa8968f6__Mutalisk_Ready1.ogg,move,SC2 game-data canonical recovery,7d45a1c5fa8968f61f12d663fe127917e2946e73916ccc7ec4ca2799e93b7568
audio/units/mutalisk/canonical/29e711e4157b4ff3__Mutalisk_Ready2.ogg,move,SC2 game-data canonical recovery,29e711e4157b4ff3ee00c32cfd225b20a46f54af1bb351f396069d21e16512a5
audio/units/mutalisk/canonical/d0f17521d23cbaa1__Mutalisk_Ready3.ogg,move,SC2 game-data canonical recovery,d0f17521d23cbaa155bcb01f0d83e7b29609ce38626545a4c4c48f973ca3765c
audio/units/mutalisk/canonical/f6bbb89f563dab48__Mutalisk_Yes00.ogg,move,SC2 game-data canonical recovery,f6bbb89f563dab4823a4bba3ebfe6c62053c78d0b93939b2aef11beba1330c3a
audio/units/mutalisk/canonical/14b82a7fa8fa5fbb__Mutalisk_What0.ogg,move|chatter,SC2 game-data canonical recovery,14b82a7fa8fa5fbb13aedcb5b97706f0c2fcd9888019d1b581c1b62e82124123
audio/units/mutalisk/canonical/e83864685b3dab0e__Mutalisk_What1.ogg,move|chatter,SC2 game-data canonical recovery,e83864685b3dab0eeeab93dcbafa601d4e4fb235af05cffd553e2da1516e8653
audio/units/mutalisk/canonical/7901f3438f2fc76f__Mutalisk_What2.ogg,move|chatter,SC2 game-data canonical recovery,7901f3438f2fc76f7997be34d6176f74363c69ac574c054984763e3e89950495
audio/units/mutalisk/canonical/3fbacc0899a412e0__Mutalisk_What3.ogg,move|chatter,SC2 game-data canonical recovery,3fbacc0899a412e03ef888ea84b3fd3114cf49024d9fe7e2616d40c7f95fc6f3
audio/units/mutalisk/canonical/30b8397b6c7cc20d__Mutalisk_What4.ogg,move|chatter,SC2 game-data canonical recovery,30b8397b6c7cc20d6b9c44def8e5a88ad252bbd4e5dd50d1c76137999f9b4fa2
audio/units/mutalisk/canonical/411f016b931d821d__Mutalisk_What5.ogg,move|chatter,SC2 game-data canonical recovery,411f016b931d821d7cf89d1d044302387685f217e8f29c0f5b6457732958d69e
audio/units/mutalisk/canonical/f6277fd97c022aed__Mutalisk_What6.ogg,move|chatter,SC2 game-data canonical recovery,f6277fd97c022aed83762a0367a965a83a7976c6c1dbf765530a2e0ef90003c7
audio/units/mutalisk/canonical/26cc738565c47280__Mutalisk_What7.ogg,move|chatter,SC2 game-data canonical recovery,26cc738565c472804ecca3ee657681b8bff3e2d3ebe4f95b6e08243f5c6278f7
audio/units/mutalisk/canonical/3dd8f35cb8bcf2e8__Mutalisk_What8.ogg,move|chatter,SC2 game-data canonical recovery,3dd8f35cb8bcf2e8bd23b812959a4c2f865b2f3e7a633d4ae3ffd42af6cf4de8
audio/units/mutalisk/canonical/316ed1df29238231__Mutalisk_What9.ogg,move|chatter,SC2 game-data canonical recovery,316ed1df29238231689ba64d91b42fbf727c82b6804e5c74698dc892a2c71828
audio/units/nova/canonical/0706ba1abb1cb3ab__Nova_Death02.wav,death,SC2 game-data canonical recovery,0706ba1abb1cb3abe54bfbc5ee1e54eea06609da8caa64ab18843daab5e96470
audio/units/observer/canonical/c6ef5e2a3f88ad77__Observer_Ready00.ogg,move,SC2 game-data canonical recovery,c6ef5e2a3f88ad77130b5acaf1156c2ac5e3ff5ea12038346d3ddc352bc65130
audio/units/observer/canonical/332fbec01d8402e1__Observer_Ready01.ogg,move,SC2 game-data canonical recovery,332fbec01d8402e1530a5084fdfca39c66ccf7d197ac5d275af51c1f8ee68b75
audio/units/observer/canonical/6fb811e602c1d87d__Observer_What00.ogg,move,SC2 game-data canonical recovery,6fb811e602c1d87d5fb6ddc4234325a90f2e8d2d3af179e51dec4f07095b62e7
audio/units/observer/canonical/3bda8bc79b282135__Observer_What01.ogg,move,SC2 game-data canonical recovery,3bda8bc79b2821351e52ddc78a369759bc0b27efda91e151c5a68115906e6e0d
audio/units/oracle/canonical/76c27aca297391a3__zVO_ProtossOracle_ProtossFlyingCaster_014.ogg,attack|move,SC2 game-data canonical recovery,76c27aca297391a32821a29ffba72c3c49c2fa52915121848c57a33ab0f7ae5b
audio/units/oracle/canonical/73ed833459d51972__zVO_ProtossOracle_ProtossFlyingCaster_015.ogg,attack|move,SC2 game-data canonical recovery,73ed833459d519723af6a540c0b42cd78d5e0e34bd8e40b15d47da50f08fa172
audio/units/oracle/canonical/5d18b78ddf1d8c32__zVO_ProtossOracle_ProtossFlyingCaster_016.ogg,attack|move,SC2 game-data canonical recovery,5d18b78ddf1d8c321b98782081fe8e71494be9f3ad295cb0c4ceb9811ce169f1
audio/units/oracle/canonical/b4d92a7bc5b68939__zVO_ProtossOracle_ProtossFlyingCaster_017.ogg,attack|move,SC2 game-data canonical recovery,b4d92a7bc5b68939553472be47feab0067a62ff1c31a8b00622a833841f5637c
audio/units/oracle/canonical/551ff5709aee69d0__zVO_ProtossOracle_ProtossFlyingCaster_018.ogg,attack|move,SC2 game-data canonical recovery,551ff5709aee69d0969418c8936440f4a6527886d7f97e80635428357d004ab0
audio/units/oracle/canonical/0b1b69eb6c83fec8__zVO_ProtossOracle_ProtossFlyingCaster_019.ogg,attack|move,SC2 game-data canonical recovery,0b1b69eb6c83fec8b05960861c8dd4d955f30940c49321808977a5d607468b45
audio/units/oracle/canonical/a7ae45b20f703938__zVO_ProtossOracle_ProtossFlyingCaster_020.ogg,attack|move,SC2 game-data canonical recovery,a7ae45b20f70393865d3f75a6143c341ec0a1245c67db6748b78511b0a237023
audio/units/oracle/canonical/f19e549e7d11ab88__zVO_ProtossOracle_ProtossFlyingCaster_021.ogg,attack|move,SC2 game-data canonical recovery,f19e549e7d11ab88f1074170d2f042120a6ad0e121018296317bef58c94a721d
audio/units/oracle/canonical/598e17fef0b871b0__zVO_ProtossOracle_ProtossFlyingCaster_025.ogg,chatter,SC2 game-data canonical recovery,598e17fef0b871b055b6d80c9ebe6eb6fb6ffabdd9cac7c1c1cd28df5797ab04
audio/units/oracle/canonical/0e8bee3a0966afe2__zVO_ProtossOracle_ProtossFlyingCaster_026.ogg,chatter,SC2 game-data canonical recovery,0e8bee3a0966afe2c9a0cd89dbea64c4f535eeadadf8725c50e9b4c246eda78c
audio/units/oracle/canonical/1f2a0c06a3f49e7f__zVO_ProtossOracle_ProtossFlyingCaster_027.ogg,chatter,SC2 game-data canonical recovery,1f2a0c06a3f49e7fa278eadda8e22f144d4f4b414dd9fe698245806e0fb7720e
audio/units/oracle/canonical/daa78e1729b60b35__zVO_ProtossOracle_ProtossFlyingCaster_028.ogg,chatter,SC2 game-data canonical recovery,daa78e1729b60b35261bd21aad53ba3c995b80617bb49cf69e264f6f4018fde5
audio/units/oracle/canonical/80533a2b03b64843__zVO_ProtossOracle_ProtossFlyingCaster_029.ogg,chatter,SC2 game-data canonical recovery,80533a2b03b64843397e9ffac21e371bb15636cf6a78820c0755c41ccbe96098
audio/units/oracle/canonical/e7a26f0768c1e3b6__zVO_ProtossOracle_ProtossFlyingCaster_030.ogg,chatter,SC2 game-data canonical recovery,e7a26f0768c1e3b65ad97031634e63bd5e35e80ead202f06fe6180c2678b744d
audio/units/oracle/canonical/4ef2f8836aed216e__zVO_ProtossOracle_ProtossFlyingCaster_031.ogg,chatter,SC2 game-data canonical recovery,4ef2f8836aed216edcd8bf9d0d660512f0a216be7686986665b5edf87edddb4a
audio/units/oracle/canonical/2ecbcdb40ecdce28__zVO_ProtossOracle_ProtossFlyingCaster_032.ogg,chatter,SC2 game-data canonical recovery,2ecbcdb40ecdce28b8511544f67120ce3a0041f4aff288c05c073cc817ce9a9c
audio/units/oracle/canonical/b2208f000dc96279__zVO_ProtossOracle_ProtossFlyingCaster_034.ogg,chatter,SC2 game-data canonical recovery,b2208f000dc962795147d04511eab712de4ad8fff348d1383c1f053d73701a48
audio/units/oracle/canonical/292f340224445e62__zVO_ProtossOracle_ProtossFlyingCaster_024.ogg,death,SC2 game-data canonical recovery,292f340224445e62d48591409529b9c72adeb4337ce427e6088a6a3084ad9557
audio/units/oracle/canonical/eeb1b26843f5b2f5__zVO_ProtossOracle_ProtossFlyingCaster_005.ogg,move,SC2 game-data canonical recovery,eeb1b26843f5b2f5994f63c583a30a68cdc02de89760a4ff3bef4041577a5243
audio/units/oracle/canonical/054867e93a6622de__zVO_ProtossOracle_ProtossFlyingCaster_006.ogg,move,SC2 game-data canonical recovery,054867e93a6622dec19cd576aab990cc70f878085d0391eb659e8e2a2bfdc33f
audio/units/oracle/canonical/ea2ffba2ee212792__zVO_ProtossOracle_ProtossFlyingCaster_007.ogg,move,SC2 game-data canonical recovery,ea2ffba2ee2127927355d7835aca0dfc2b4f9c8923410dfbf5ab060dab4d84ec
audio/units/oracle/canonical/0fd96bd98a656547__zVO_ProtossOracle_ProtossFlyingCaster_008.ogg,move,SC2 game-data canonical recovery,0fd96bd98a656547e9ad95b87918c8b21e3d008e28311da03b5d60828ff62c97
audio/units/oracle/canonical/dad58ebd58545e67__zVO_ProtossOracle_ProtossFlyingCaster_009.ogg,move,SC2 game-data canonical recovery,dad58ebd58545e678564f4c2bd26c8d1d7d6ef27e8d11a557069b0ddb5944372
audio/units/oracle/canonical/6af2eaf51afd9760__zVO_ProtossOracle_ProtossFlyingCaster_010.ogg,move,SC2 game-data canonical recovery,6af2eaf51afd9760343609574d7561dfa0b182e34d3fe57b40516889b82dc9ef
audio/units/oracle/canonical/dd7231b819003a9a__zVO_ProtossOracle_ProtossFlyingCaster_011.ogg,move,SC2 game-data canonical recovery,dd7231b819003a9a690cda9e4f2676037b04b4285007300c2d4d0fb207e56c68
audio/units/oracle/canonical/3bca2a7dede457dc__zVO_ProtossOracle_ProtossFlyingCaster_012.ogg,move,SC2 game-data canonical recovery,3bca2a7dede457dc8c1ee9f5f5429c1c942653dacc5604fb11a6e05f704ff0ad
audio/units/oracle/canonical/96b67d5965c3d4ff__zVO_ProtossOracle_ProtossFlyingCaster_013.ogg,move,SC2 game-data canonical recovery,96b67d5965c3d4ff71be048dabbe38b132dabff5f00741855ae6832e046439d0
audio/units/overlord/canonical/ee3a14eb95cacedf__Overlord_Death0.wav,death,SC2 game-data canonical recovery,ee3a14eb95cacedfacb1f1cc3fea116ea7724bd9246f8824259b9b0d4bea411f
audio/units/overlord/canonical/6a7edce1da4904c4__Overlord_Death1.wav,death,SC2 game-data canonical recovery,6a7edce1da4904c4cff7163f56086c5c3e6304f71457718eeaee874262485823
audio/units/overlord/canonical/4b245a6ca6a91ff6__Overlord_Death2.wav,death,SC2 game-data canonical recovery,4b245a6ca6a91ff60f5c8a54ede811b535eef3106d68001e7d0c4086b5e2438b
audio/units/overlord/canonical/6d5297797fa76865__Overlord_Ready0.ogg,move,SC2 game-data canonical recovery,6d5297797fa76865a12cbaae63e4d1b45e3d86d91109ff9b36ba135cbd95fa21
audio/units/overlord/canonical/73aae6c657e4ac1a__Overlord_Ready1.ogg,move,SC2 game-data canonical recovery,73aae6c657e4ac1a8f117459eaf00dd49bf926136651ad409cc52deed4bd44f1
audio/units/overlord/canonical/6b747c53402854fa__Overlord_What2.ogg,move,SC2 game-data canonical recovery,6b747c53402854faec64627c8291a28e3e6fa41311d85ee3bd98b6ef8489dff1
audio/units/overlord/canonical/28870814a8a46efd__Overlord_What3.ogg,move,SC2 game-data canonical recovery,28870814a8a46efd2488f6532aee7d99c605f70653b657fda55b56fe5ef03f62
audio/units/overlord/canonical/411a6f7d7a9084a1__Overlord_What4.ogg,move,SC2 game-data canonical recovery,411a6f7d7a9084a1ccfcca440cfd65776626ba987d0d6a7f7944c928dc0d5599
audio/units/overlord/canonical/da0096d78aa31d15__Overlord_What5.ogg,move,SC2 game-data canonical recovery,da0096d78aa31d151616203980c348cdedc5a47eac151c510da62d16ea80526e
audio/units/overlord/canonical/089ed882fe3e3862__Overlord_What6.ogg,move,SC2 game-data canonical recovery,089ed882fe3e386288203b11a37a6a82a20daddb4801b508ca01732484cef7e7
audio/units/overlord/canonical/25525383c0c7c040__Overlord_What7.ogg,move,SC2 game-data canonical recovery,25525383c0c7c040e4289f09442e10f6a1c81b6592fc7db9f6d833e2215c8183
audio/units/overlord/canonical/7d0ea308b8834dfc__Overlord_What8.ogg,move,SC2 game-data canonical recovery,7d0ea308b8834dfc4cc25f06bd3d8204bb8d26321ed41c04892c1f35e2b5fed0
audio/units/overlord/canonical/be10564ea4821cc0__Overlord_What0.ogg,move|chatter,SC2 game-data canonical recovery,be10564ea4821cc037eba9469d23e94d25e093d598d8750093e7c39f9a80953a
audio/units/overlord/canonical/e9a771b48f1117dd__Overlord_What1.ogg,move|chatter,SC2 game-data canonical recovery,e9a771b48f1117dd394ac359a09929eec3304913187b83b9772a36144508d8fd
audio/units/overseer/canonical/7adaec42755c356d__Overseer_Death0.wav,death,SC2 game-data canonical recovery,7adaec42755c356d56c4d2f6f3f75847c5aa4928ce88a93921889eb9a01e2680
audio/units/overseer/canonical/2c461eede2543480__Overseer_Ready0.ogg,move,SC2 game-data canonical recovery,2c461eede25434802799a35b8d2ad0ef099034dbb393ac775526db6b9be6f589
audio/units/overseer/canonical/d9e4b60ebc1fa1fe__Overseer_What1.ogg,move,SC2 game-data canonical recovery,d9e4b60ebc1fa1feaef31e44c478d4b85bb8cf9dfc3a7214851cc627f30de4c4
audio/units/overseer/canonical/4ae6d37ae6d02aca__Overseer_What2.ogg,move,SC2 game-data canonical recovery,4ae6d37ae6d02acaaca3d7caa8d25aa660c36db8399a5415ae03b6c729cc4584
audio/units/overseer/canonical/a3581c59a3ea10ed__Overseer_What3.ogg,move,SC2 game-data canonical recovery,a3581c59a3ea10ed589f04cbc6babf578ca509d8430b04ac6f87bfd98e06469f
audio/units/overseer/canonical/d000d9e1870f1a19__Overseer_What4.ogg,move,SC2 game-data canonical recovery,d000d9e1870f1a193fe2206c76d9394e46c4422349b6fac54882349122bca092
audio/units/overseer/canonical/84ee24c6f1bcb40e__Overseer_What5.ogg,move,SC2 game-data canonical recovery,84ee24c6f1bcb40ee4b543b65ee4028ddcdce41d8f46c68131c2fff1c3a11242
audio/units/overseer/canonical/16882ec924b0bda9__Overseer_What0.ogg,move|chatter,SC2 game-data canonical recovery,16882ec924b0bda90ec001bc347e3c968f76b0382df1c1d2cc1d6579f8ca4059
audio/units/phoenix/canonical/301ec0ec59de8eb6__Phoenix_Ready00.ogg,move,SC2 game-data canonical recovery,301ec0ec59de8eb6dea4539c81d3137381b1f2c2dfae3e4cfd20e26d24d963da
audio/units/phoenix/canonical/4684cd17eb07b4e9__Phoenix_What00.ogg,move,SC2 game-data canonical recovery,4684cd17eb07b4e90b2710cbc75778ccc5b8ba1e9802a3e783c3e9495a939747
audio/units/phoenix/canonical/fe208960cbae34b6__Phoenix_What01.ogg,move,SC2 game-data canonical recovery,fe208960cbae34b6ede431544c302aea6e7737206d35055cbcf7b443c9927f93
audio/units/phoenix/canonical/4554bdd1efd21f74__Phoenix_What02.ogg,move,SC2 game-data canonical recovery,4554bdd1efd21f74d18d28cc77268b30905e01854f9dc157375061855c026f4d
audio/units/phoenix/canonical/6ed01f1bdbcb5583__Phoenix_What03.ogg,move,SC2 game-data canonical recovery,6ed01f1bdbcb55831901dded1997c9da281ed0bcb085486d49bfb41d3398d1a1
audio/units/ravager/canonical/4b7ce0fad57060fd__Ravager_Vox_Death01.wav,death,SC2 game-data canonical recovery,4b7ce0fad57060fdeea64de9c0cc7c02773afbba5222d58675fe8aa139566f8a
audio/units/ravager/canonical/9c83c4c057f0e63b__Ravager_Vox_Ok01.wav,move,SC2 game-data canonical recovery,9c83c4c057f0e63b518c0d29bde748af831a52298c470a586b72688129e633b9
audio/units/ravager/canonical/942c6e3dd4051aca__Ravager_Vox_Ok02.wav,move,SC2 game-data canonical recovery,942c6e3dd4051aca71ecaea2bc7e7e5142273f5b36fdb3e18986eccc947d648a
audio/units/ravager/canonical/c5bfdec79daaa7c3__Ravager_Vox_Ok03.wav,move,SC2 game-data canonical recovery,c5bfdec79daaa7c31eb04b5b7fcf307338edccbba3b51741bcce6e81ecc68591
audio/units/ravager/canonical/dfd825a5098c7c6c__Ravager_Vox_Ok04.wav,move,SC2 game-data canonical recovery,dfd825a5098c7c6cdc7097cea5db2fcdc5698f28fb9c5cd338fbda62dc54bbc6
audio/units/ravager/canonical/50ae460ca5a7ed4e__Ravager_Vox_Ok05.wav,move,SC2 game-data canonical recovery,50ae460ca5a7ed4efaa4574a51e8c0480766a93c3fc9714abbb3ebb420352e06
audio/units/raven/canonical/a720d48826f264ab__Raven_PointDefenseDroneWhat0.wav,move,SC2 game-data canonical recovery,a720d48826f264ab25505a994cb3681aab057589292829c3bf0e199282918010
audio/units/raven/canonical/7f9944e368b91d43__Raven_Yes00.ogg,move,SC2 game-data canonical recovery,7f9944e368b91d43bf0cd0f1020e38634b5359163c4fad691cbf3b9de28af4b7
audio/units/reaper/canonical/75873cfcb2b9ef5e__Reaper_Death00.wav,death,SC2 game-data canonical recovery,75873cfcb2b9ef5e20450c36285ccdc9c367b6a75063b5502cb7cd3c95b6bc3d
audio/units/reaper/canonical/f6048e094415eec0__Reaper_Death01.wav,death,SC2 game-data canonical recovery,f6048e094415eec03db9eae13bd323a55ff132f3f9075f2d1af5d96ae368aaff
audio/units/reaper/canonical/97b55045c6e6883f__ReaperWhat05.ogg,move,SC2 game-data canonical recovery,97b55045c6e6883f92da850ea1b6ae4f14c6cb33132e5c13663e6f0119597f55
audio/units/reaper/canonical/1ea2f1f0bdbd6699__ReaperWhat06.ogg,move,SC2 game-data canonical recovery,1ea2f1f0bdbd6699883df3d4cdedc8d18c826db88a5cf4621b073d58b56a15f3
audio/units/reaper/canonical/4dd90f7076e45ac9__Reaper_Ready00.ogg,move,SC2 game-data canonical recovery,4dd90f7076e45ac987d572020beb27eb907faa5708eab5536f85fc979d126752
audio/units/reaper/canonical/44b1ab1107dc610b__Reaper_What01.ogg,move,SC2 game-data canonical recovery,44b1ab1107dc610b24272242e81c6ce66058caae7b1b03d339b1db967b7d820e
audio/units/reaper/canonical/a6be31be1e5608a2__Reaper_What02.ogg,move,SC2 game-data canonical recovery,a6be31be1e5608a2eb83a3ef524de17f49363ed644135be089d02cbf46a74753
audio/units/reaper/canonical/0fd46838e12daa52__Reaper_What03.ogg,move,SC2 game-data canonical recovery,0fd46838e12daa523e743e053119179ab55f97504124e53170b2dabc71d6c1ad
audio/units/reaper/canonical/6b3460a813c80b1f__Reaper_What04.ogg,move,SC2 game-data canonical recovery,6b3460a813c80b1f8859891e0c6ed8009ce6be05865fd951d1fd679ba3a50d53
audio/units/reaper/canonical/34bf3941dc285a60__Reaper_Yes00.ogg,move,SC2 game-data canonical recovery,34bf3941dc285a608f122d9f44d75f85bbf34903581169c49707daf506e32905
audio/units/reaper/canonical/307709577eafaea4__Reaper_Yes01.ogg,move,SC2 game-data canonical recovery,307709577eafaea421b910b76c67d750c20cef4f147e94c8d9f33254386bb4e6
audio/units/scout/canonical/53af8738cd535aac__Scout_Death00.wav,death,SC2 game-data canonical recovery,53af8738cd535aac11ca16faaf1a0cf7a225c87888e575cb5c3e04850777e50d
audio/units/scout/canonical/325d908c4ae31955__Scout_Ready00.ogg,move,SC2 game-data canonical recovery,325d908c4ae319550d26b3626a30a0f7264319b3b25d4708686ae65150213a31
audio/units/siege_tank/canonical/780ebb517abf5569__SiegeTank_Death00.wav,death,SC2 game-data canonical recovery,780ebb517abf5569e9e1d97f4b7e0da6ca1bceb3f5840ef8fc641e0c92621231
audio/units/siege_tank/canonical/5ba2110701726c02__SiegeTank_Yes00.ogg,move,SC2 game-data canonical recovery,5ba2110701726c02754d8030d1dc8e28f4205eb5380dd87b1697f3d24b8b2e95
audio/units/swarm_host/canonical/10f73fc02ac2f6df__SwarmHost_Death_00.wav,death,SC2 game-data canonical recovery,10f73fc02ac2f6dfa0226e3f27efcd95f5a22862e095760136964da7571cc477
audio/units/swarm_host/canonical/efa77212b2e416fd__SwarmHost_Ready_00.ogg,move,SC2 game-data canonical recovery,efa77212b2e416fd7fd71d5556b959b56e19d64c0d78118fe0e57649b7055233
audio/units/swarm_host/canonical/a48d521326a6915f__SwarmHost_Ready_01.ogg,move,SC2 game-data canonical recovery,a48d521326a6915f1625b8b9caf89bc7697c7bd99a3ede4255bea23a6c71e0bd
audio/units/swarm_host/canonical/cadaa88ffbabff4d__SwarmHost_Ready_02.ogg,move,SC2 game-data canonical recovery,cadaa88ffbabff4d67a0bf08f9e4c91d1c08f4b3b99ff01e65bf1333b96c03f0
audio/units/swarm_host/canonical/b45a234f9c9d9ac5__SwarmHost_What_00.ogg,move|chatter,SC2 game-data canonical recovery,b45a234f9c9d9ac50b5e2faf1277241d1407480870fc9a9f8b3c5bbecaa0df71
audio/units/swarm_host/canonical/d1251b17805f2cdc__SwarmHost_What_01.ogg,move|chatter,SC2 game-data canonical recovery,d1251b17805f2cdc670f09c2df2ff8e8e71a3be98b12786a0067b86cc7a85e12
audio/units/swarm_host/canonical/ab716642db1acaa4__SwarmHost_What_02.ogg,move|chatter,SC2 game-data canonical recovery,ab716642db1acaa4ceb9e301062e77e9588f348c61f13ff77c1ba007f0150a54
audio/units/swarm_host/canonical/43e32d46cb1d05b3__SwarmHost_What_04.ogg,move|chatter,SC2 game-data canonical recovery,43e32d46cb1d05b30969e8b927de4a26f9b8e86f90e99d48c845128657ed460f
audio/units/swarm_host/canonical/c9d35b2a40704c99__SwarmHost_What_05.ogg,move|chatter,SC2 game-data canonical recovery,c9d35b2a40704c9998f33641e44de08c5fa5ebb41e203923d741a9c258e59642
audio/units/swarm_host/canonical/23d90be4c60895af__SwarmHost_What_06.ogg,move|chatter,SC2 game-data canonical recovery,23d90be4c60895aff509c578652f44881ec99e5a8f73a0b60eb145f2ea9e52c3
audio/units/swarm_host/canonical/da95fcd211959673__SwarmHost_What_07.ogg,move|chatter,SC2 game-data canonical recovery,da95fcd2119596737daf48274c48392f7ec573ca340d71c0d5a12508472973d0
audio/units/swarm_host/canonical/9684bbbf50b9bf57__SwarmHost_What_08.ogg,move|chatter,SC2 game-data canonical recovery,9684bbbf50b9bf57868d0f981c574c7f9a0c17f5c86a69b41134e8f9d4a0291a
audio/units/tempest/canonical/d333804a78f95651__zVO_ProtossTempest_CarrierShip_021.ogg,attack,SC2 game-data canonical recovery,d333804a78f956517bdd8fdee733a9d6c0f7b0f2119d6b8623ccfbbbb869e5ac
audio/units/tempest/canonical/661e45ce59a24987__zVO_ProtossTempest_CarrierShip_022.ogg,attack,SC2 game-data canonical recovery,661e45ce59a249872573091ac8f50ad91e665d849e332cb34dfe2a20174f5a59
audio/units/tempest/canonical/a66626519682d93c__zVO_ProtossTempest_CarrierShip_023.ogg,attack,SC2 game-data canonical recovery,a66626519682d93c75910d103dfb156c68230533b945ec881999940ce1d8b383
audio/units/tempest/canonical/6c1a045a80796580__zVO_ProtossTempest_CarrierShip_024.ogg,attack,SC2 game-data canonical recovery,6c1a045a80796580fab5250a7951faeb4a94bc53562346e8e1a8f53691ac2ec0
audio/units/tempest/canonical/d4fb7775b8e0ec01__zVO_ProtossTempest_CarrierShip_025.ogg,attack,SC2 game-data canonical recovery,d4fb7775b8e0ec01a2052e80e5225a3fb6a7e979c7eb6e381bfe4a33fe3a53a6
audio/units/tempest/canonical/4076c8150c33b9b5__zVO_ProtossTempest_CarrierShip_026.ogg,attack,SC2 game-data canonical recovery,4076c8150c33b9b5413b0050e030c34f670d5d2cd86ef8015868ed2f06943161
audio/units/tempest/canonical/a323d9bfe356f91c__zVO_ProtossTempest_CarrierShip_027.ogg,attack,SC2 game-data canonical recovery,a323d9bfe356f91c3bbc81141a64a6a7ea875f98849244712ad436254c3350ed
audio/units/tempest/canonical/e9f2c416db279a87__zVO_ProtossTempest_CarrierShip_030.ogg,chatter,SC2 game-data canonical recovery,e9f2c416db279a87e7204e3f884c5cdaf64f9b5899e9f3eafd134f0f21f395d8
audio/units/tempest/canonical/cad890630aa1ceb6__zVO_ProtossTempest_CarrierShip_031.ogg,chatter,SC2 game-data canonical recovery,cad890630aa1ceb631463a35b0bf71cf0bdb5535354681aed7a1e9f9d56853e3
audio/units/tempest/canonical/29c2dff36e854601__zVO_ProtossTempest_CarrierShip_032.ogg,chatter,SC2 game-data canonical recovery,29c2dff36e8546019c699f6f37f405acf2cd07b82dc3e746df432e688f4f27cb
audio/units/tempest/canonical/d0e22b9507722ac7__zVO_ProtossTempest_CarrierShip_033.ogg,chatter,SC2 game-data canonical recovery,d0e22b9507722ac7bd9fdf8fc7e1955efc47b5e069411bbc653f5f621e5700c1
audio/units/tempest/canonical/7ad4ccfbfb24d43e__zVO_ProtossTempest_CarrierShip_034.ogg,chatter,SC2 game-data canonical recovery,7ad4ccfbfb24d43e5bb6204b13e9faf347dc2a50641c3a7019044bc2055a886b
audio/units/tempest/canonical/435b5e38bb84de0b__zVO_ProtossTempest_CarrierShip_035.ogg,chatter,SC2 game-data canonical recovery,435b5e38bb84de0bc2527b454c685300a4987c1fa594ce38452cc80862648d93
audio/units/tempest/canonical/a8658375b2b0bfe7__zVO_ProtossTempest_CarrierShip_036.ogg,chatter,SC2 game-data canonical recovery,a8658375b2b0bfe746c12e01718321ffdea8c2ae0faeeec9315492b0cecf9f35
audio/units/tempest/canonical/d42bb3029dbd3eda__zVO_ProtossTempest_CarrierShip_037.ogg,chatter,SC2 game-data canonical recovery,d42bb3029dbd3edabf872855289674bc3053864837a53b196617a711b75793a6
audio/units/tempest/canonical/b73fa6810b169d6d__zVO_ProtossTempest_CarrierShip_038.ogg,chatter,SC2 game-data canonical recovery,b73fa6810b169d6dfb942e08bc24610aa13bae35115f08d59fd8744ebfec98f9
audio/units/tempest/canonical/35ff71c66c3d5c7e__zVO_ProtossTempest_CarrierShip_039.ogg,chatter,SC2 game-data canonical recovery,35ff71c66c3d5c7e06265ed8952e778dcf77fd0e92b99117f54b54ed5c6e7e52
audio/units/tempest/canonical/b7e94b9661bb6012__zVO_ProtossTempest_CarrierShip_040.ogg,death,SC2 game-data canonical recovery,b7e94b9661bb601205c0f7ae7ec221550956e6ff7eaf003fdbd4c44cdc9f9dd7
audio/units/tempest/canonical/d9507cd589582a66__zVO_ProtossTempest_CarrierShip_040.ogg,death,SC2 game-data canonical recovery,d9507cd589582a6674b0bf3011286d2b38f61cedca79a16444e3e70cc335865c
audio/units/tempest/canonical/7a1ed72ea366cf4b__zVO_ProtossTempest_CarrierShip_005.ogg,move,SC2 game-data canonical recovery,7a1ed72ea366cf4b7c54648ef65d1e90aecbefaded6a661674f5f4a2196afc6a
audio/units/tempest/canonical/6cfef2178d968312__zVO_ProtossTempest_CarrierShip_006.ogg,move,SC2 game-data canonical recovery,6cfef2178d9683125fa5aaf186c5e7ffed46ef13b226e6d90afc74d11a300bae
audio/units/tempest/canonical/4951215010e2adbd__zVO_ProtossTempest_CarrierShip_007.ogg,move,SC2 game-data canonical recovery,4951215010e2adbd48f9248ebc168da8232ff5cf0bc40d4d376aed360f1e5b97
audio/units/tempest/canonical/5690ba77f7775927__zVO_ProtossTempest_CarrierShip_008.ogg,move,SC2 game-data canonical recovery,5690ba77f77759276f460126502400a67788f2bfa7f42f7ed3b7a0a338078c43
audio/units/tempest/canonical/e04f15940b8e3f1c__zVO_ProtossTempest_CarrierShip_009.ogg,move,SC2 game-data canonical recovery,e04f15940b8e3f1c726fdba216d0ef8634ab4cc0cd8ec1eb91433438d92af9b2
audio/units/tempest/canonical/d64268c95762a680__zVO_ProtossTempest_CarrierShip_010.ogg,move,SC2 game-data canonical recovery,d64268c95762a680d95454c52c464a566025bb6ec37ad5317f72961a8a17f44f
audio/units/tempest/canonical/74d3556adc660e84__zVO_ProtossTempest_CarrierShip_011.ogg,move,SC2 game-data canonical recovery,74d3556adc660e840dd374c90004bcc8fa759399fa29447cbbf27fd82808ada7
audio/units/tempest/canonical/b5c27f0564e698c0__zVO_ProtossTempest_CarrierShip_012.ogg,move,SC2 game-data canonical recovery,b5c27f0564e698c0f26433e6c1e55c7f7124ba77829a62bdcf1352aede7e8bc2
audio/units/tempest/canonical/c161307172a24832__zVO_ProtossTempest_CarrierShip_013.ogg,move,SC2 game-data canonical recovery,c161307172a248326cc5b62f4d18550b6069de975a3899bb94afaa110595eed6
audio/units/tempest/canonical/89245973f268ac3d__zVO_ProtossTempest_CarrierShip_014.ogg,move,SC2 game-data canonical recovery,89245973f268ac3de53afe593db355c9a6a640c737043530ee5d6c18f9ca1716
audio/units/tempest/canonical/1ddce9af94f49f66__zVO_ProtossTempest_CarrierShip_015.ogg,move,SC2 game-data canonical recovery,1ddce9af94f49f66483c88e19fb2e28ea4132b2404bc56842e5ff0570eeaf565
audio/units/tempest/canonical/5ecc058d34f59649__zVO_ProtossTempest_CarrierShip_016.ogg,move,SC2 game-data canonical recovery,5ecc058d34f596497d69ba284a7aa1acd47dabbe00834ffd642f9452a427d6e2
audio/units/tempest/canonical/2022f315de1e4d5f__zVO_ProtossTempest_CarrierShip_017.ogg,move,SC2 game-data canonical recovery,2022f315de1e4d5f3770a23096b2da0823d718024008c36f20b906ddc7eae4cb
audio/units/tempest/canonical/270841f8d38fb546__zVO_ProtossTempest_CarrierShip_018.ogg,move,SC2 game-data canonical recovery,270841f8d38fb546a8782edfbea586c232be55b22f20be2430f220ec6727ced2
audio/units/tempest/canonical/a96d92172e41530b__zVO_ProtossTempest_CarrierShip_019.ogg,move,SC2 game-data canonical recovery,a96d92172e41530b0b831f4bd33809451020c08582d85fa671f7451481e6effd
audio/units/tempest/canonical/fa9369c7c668e2a2__zVO_ProtossTempest_CarrierShip_020.ogg,move,SC2 game-data canonical recovery,fa9369c7c668e2a22b12673da25bccdeb25a8d1ce33ef8202cfcbbacbb3ca8b6
audio/units/thor/canonical/805242a354fc2698__Thor_Ready00.ogg,move,SC2 game-data canonical recovery,805242a354fc2698d721b47345924a65f9a89ad660adb2c598d8001c084aa728
audio/units/thor/canonical/f9fae3073185f50a__Thor_What00.ogg,move,SC2 game-data canonical recovery,f9fae3073185f50abe4f813325093b74864afc71fded930deccae44a28e48f6a
audio/units/thor/canonical/fb103190f41719fb__Thor_What01.ogg,move,SC2 game-data canonical recovery,fb103190f41719fbb84733feca1550074f9cc2c204e0d8efc1d341c945136264
audio/units/thor/canonical/a9e434512c742ec4__Thor_What02.ogg,move,SC2 game-data canonical recovery,a9e434512c742ec49b2a1c9356e80349c50dc848276c6e0d33230ebcc5d2ced2
audio/units/thor/canonical/cb3042b056db0ff4__Thor_What03.ogg,move,SC2 game-data canonical recovery,cb3042b056db0ff46e2c56370002b617251790acae5a2fd695e13b4b4c508136
audio/units/thor/canonical/263a02b5bca4fd96__Thor_What04.ogg,move,SC2 game-data canonical recovery,263a02b5bca4fd9651b688f01b8e8b62092dbe5eb167ad5921bd004e5e69cf6d
audio/units/thor/canonical/f0aa3baa4ab12df6__Thor_What05.ogg,move,SC2 game-data canonical recovery,f0aa3baa4ab12df654ee4fd5b6b7fc0d1b667a1b6721bc2372861baeb672c4ce
audio/units/thor/canonical/18bee6f07ba4beaa__Thor_What06.ogg,move,SC2 game-data canonical recovery,18bee6f07ba4beaa7e7b56405ceffb12faa87ed80f4c759325480369df888840
audio/units/thor/canonical/d1d9612834e6869c__Thor_What07.ogg,move,SC2 game-data canonical recovery,d1d9612834e6869c4feec80378f3018a7b57df40797bae8ff8ff9d3c7e640106
audio/units/ultralisk/canonical/2ae6b0ca265d1ebc__Ultralisk_Death0.wav,death,SC2 game-data canonical recovery,2ae6b0ca265d1ebc691fd22c84fedc03b581e05d0f5f08394d60be2668e3372d
audio/units/ultralisk/canonical/425c7619bf512c0b__Ultralisk_Death1.wav,death,SC2 game-data canonical recovery,425c7619bf512c0bf5e8e2edad06ec493e8c740ad197f50dfd1ba6b83b16cad7
audio/units/ultralisk/canonical/b480d13cd51d5807__Ultralisk_Death2.wav,death,SC2 game-data canonical recovery,b480d13cd51d580720f37142eae709b6bf30afb31ded161fe66371a9dca366d5
audio/units/ultralisk/canonical/44fdace49821a470__Ultralisk_Death3.wav,death,SC2 game-data canonical recovery,44fdace49821a4707c6a715aa230b15ca584a56302c6f7dd0e41d1f5432c1738
audio/units/ultralisk/canonical/34af522615990422__UltraLisk_Ready0.ogg,move,SC2 game-data canonical recovery,34af5226159904228397d09d69930a1a9ccc9ce5c552f232b567ff9f8f6c3f5e
audio/units/ultralisk/canonical/dcafe166983c9e83__UltraLisk_Ready1.ogg,move,SC2 game-data canonical recovery,dcafe166983c9e83b3cd50b1927acc7e9b71d08924ca9796371b251bcd506c0b
audio/units/ultralisk/canonical/afe833451e0471e4__UltraLisk_Ready2.ogg,move,SC2 game-data canonical recovery,afe833451e0471e401c971714cfa529a7fe1cac293acc17f4a794639e8cd0ec4
audio/units/ultralisk/canonical/ede0f008fa6142c0__UltraLisk_What0.ogg,move,SC2 game-data canonical recovery,ede0f008fa6142c0e269aed1793ad8d59d21c47b27ebc604eabf87b874815f06
audio/units/viking/canonical/318cc3152d9d4006__Viking_Ready00.ogg,move,SC2 game-data canonical recovery,318cc3152d9d4006f6d41319521589e242811261643a7b94ae1340366fd6674f
audio/units/viking/canonical/f41aef37a950c396__Viking_What00.ogg,move,SC2 game-data canonical recovery,f41aef37a950c396a97f111fc993275dde419e2902b5479459d0fd91bda39937
audio/units/viking/canonical/4b79842102ff2fea__Viking_What01.ogg,move,SC2 game-data canonical recovery,4b79842102ff2fea62a0ea1d1dd34883dd794782be12bf2d3266162f59e519d7
audio/units/viking/canonical/a3c7bf089590b77a__Viking_What02.ogg,move,SC2 game-data canonical recovery,a3c7bf089590b77a28c389a6f9a650f24dc0449c0dd9b180ed21c1ef20a3c01d
audio/units/viking/canonical/63f55ad9be900176__Viking_What03.ogg,move,SC2 game-data canonical recovery,63f55ad9be900176810d60e3c86348385c9397823dcbe07bf8ffb40fb7d4c98b
audio/units/viking/canonical/dfd673f38f3436ab__Viking_What04.ogg,move,SC2 game-data canonical recovery,dfd673f38f3436ab4235ae41e5656a95919dbc93f296da51dfd567c5e96f5fe3
audio/units/viking/canonical/1ecb43efd8d4b339__Viking_Yes00.ogg,move,SC2 game-data canonical recovery,1ecb43efd8d4b339786fd1ab8b6724fd1110ab4ccf02b08592e751aea09feb11
audio/units/viper/canonical/8a8ff7bbc9b27f68__LairViper_What_00.ogg,attack|move|chatter,SC2 game-data canonical recovery,8a8ff7bbc9b27f688c5bb95f351600ed011a84aa705e89b807f924ba140e8d5f
audio/units/viper/canonical/f2c205b381816f02__LairViper_What_01.ogg,attack|move|chatter,SC2 game-data canonical recovery,f2c205b381816f026d047fcff34d3bfee70dffbc3dd044f75a4a10faa57812e6
audio/units/viper/canonical/910d0e0bd8e7e92e__LairViper_What_02.ogg,attack|move|chatter,SC2 game-data canonical recovery,910d0e0bd8e7e92e5c6b7ca48de7d6cf5a98c07339cd807c1fae23d0b372b658
audio/units/viper/canonical/42a0aaf238a6e236__LairViper_What_03.ogg,attack|move|chatter,SC2 game-data canonical recovery,42a0aaf238a6e2362c9dc5f5c3e628552481e3961727fefa51a8020e3a7ea9bb
audio/units/viper/canonical/5354a102ea938063__LairViper_What_04.ogg,attack|move|chatter,SC2 game-data canonical recovery,5354a102ea938063bf01c9e0a671e85ceef850e470007cba08445f791b52c8e2
audio/units/viper/canonical/9cc4b9ae04d17a0c__LairViper_What_05.ogg,attack|move|chatter,SC2 game-data canonical recovery,9cc4b9ae04d17a0c29b1c2b8f2d4551360eb8bb9fbecf62cf96085b60a62e601
audio/units/viper/canonical/ecffb64d6ac5938f__LairViper_What_06.ogg,attack|move|chatter,SC2 game-data canonical recovery,ecffb64d6ac5938fc39a10cc604d17ad3aeb6fc032fe884e296b47ddfe8591c7
audio/units/viper/canonical/9efcef90d6a6305f__LairViper_Ready_00.ogg,move,SC2 game-data canonical recovery,9efcef90d6a6305f83cea55139e07b8c1969c89916b71f692c79a4523408fb70
audio/units/viper/canonical/da24d653f218de2c__LairViper_Ready_01.ogg,move,SC2 game-data canonical recovery,da24d653f218de2c11959b997658f43a9c602eba4046c5907f516920143c3894
audio/units/viper/canonical/a9e4474b15193c06__LairViper_Ready_02.ogg,move,SC2 game-data canonical recovery,a9e4474b15193c06d7a35a6049875baaef4d751e71b79a4613b2d36e4445c4b9
audio/units/void_ray/canonical/40dcb1d96c5a7105__VoidRay_Ready00.ogg,move,SC2 game-data canonical recovery,40dcb1d96c5a710538157720eda0dd2e1565d303fcd89ade2880bb81b2cba4e1
audio/units/void_ray/canonical/46907b3432ceca2b__VoidRay_Ready01.ogg,move,SC2 game-data canonical recovery,46907b3432ceca2bf168c8c2d6b676909beacaa10cf5192495a70a18f26ab3f9
audio/units/void_ray/canonical/3e284b04eac71b07__VoidRay_What00.ogg,move,SC2 game-data canonical recovery,3e284b04eac71b07fd6384178f9d5db7fa51d2424aaced8b5bc412685eae7545
audio/units/void_ray/canonical/46ffc0059efddd80__VoidRay_What01.ogg,move,SC2 game-data canonical recovery,46ffc0059efddd805b87fb8d1d3268e47617ed4abc533b049d9b529f0db2e978
audio/units/void_ray/canonical/84fdc5c70265aac9__VoidRay_What02.ogg,move,SC2 game-data canonical recovery,84fdc5c70265aac954dd7244811dc95f2599d1a326a64a6e75da19323a40de04
audio/units/warp_prism/canonical/6664228e95e8697b__PhasePrism_Ready00.ogg,move,SC2 game-data canonical recovery,6664228e95e8697b5b01049efea16ee6f59990d1a605e19d1019a6dc3cfaf5a1
audio/units/warp_prism/canonical/c26a7e1d12cb6647__PhasePrism_Ready01.ogg,move,SC2 game-data canonical recovery,c26a7e1d12cb664731fa5c17d86b266dce5dba8eed3eaf410c855fe87e6e59a8
audio/units/warp_prism/canonical/cc75bf81fcf6ac6a__PhasePrism_Ready02.ogg,move,SC2 game-data canonical recovery,cc75bf81fcf6ac6a485f10eab3fbb9678875df677fb4620d4413dd3f42208651
audio/units/warp_prism/canonical/82289ce1e8c8403a__PhasePrism_Ready03.ogg,move,SC2 game-data canonical recovery,82289ce1e8c8403a440b893610c24f7adb0ba52fdd61f755b081bba872dcc5d0
audio/units/warp_prism/canonical/12815ad31b81af6f__PhasePrism_What00.ogg,move,SC2 game-data canonical recovery,12815ad31b81af6fd447a7effcae2e362eb424f18a711f3ae870183d69abf2e4
audio/units/warp_prism/canonical/befa306416ed3935__PhasePrism_What01.ogg,move,SC2 game-data canonical recovery,befa306416ed39353362465e8775165b6180201497af6633633fd81a5571f96b
audio/units/warp_prism/canonical/3021ef8ff6d9010b__PhasePrism_What02.ogg,move,SC2 game-data canonical recovery,3021ef8ff6d9010b4a892d3c926097c5c180982674a1d23adb6157ad55b0e54e
audio/units/warp_prism/canonical/ceaf8ad7688b4b59__PhasePrism_What03.ogg,move,SC2 game-data canonical recovery,ceaf8ad7688b4b59f7e33c0e799d43fe686830c65df378d58881cb2987917de4
