asset_path,sha256,source_path,source_event,speaker,speaker_faction,verified_transcript,result_role,winner_scope,literal_gg,door_eligible,ceremony_eligible,victory_eligible,tie_eligible,gain_db,reverb_ms,confidence,notes
audio/ui/tie_endgame/Lowko_EndGameTied00.ogg,93079ec245c6b81be9d263e28c3cdab23d6bf42c470c1f0a4e3f6a35671431ad,mods/liberty.sc2mod/base.sc2assets/LocalizedData/Sounds/VO/Lowko/Lowko_EndGameTied00.ogg,EndGameTied/GGTie,Lowko,NEUTRAL,"Wow, it's a tie?",TIE_VO,TIE_ONLY,false,false,false,false,true,-0.2,0,VERIFIED,"Reused identical canonical bytes already present in project. Measured I=-15.8 LUFS, peak=-1.7 dBFS; runtime gain targets <= -1 dBFS."
audio/ui/tie_endgame/Lowko_EndGameTied01.ogg,df4d2c0b5d92f9deaf85639ce9d1fb9c86f04d87a6bc9d7b5d77022317e5f19e,mods/liberty.sc2mod/base.sc2assets/LocalizedData/Sounds/VO/Lowko/Lowko_EndGameTied01.ogg,EndGameTied/GGTie,Lowko,NEUTRAL,"A tie? Don't worry, you'll win next time.",TIE_VO,TIE_ONLY,false,false,false,false,true,-0.7,0,VERIFIED,"Reused identical canonical bytes already present in project. Measured I=-15.3 LUFS, peak=-1.6 dBFS; runtime gain targets <= -1 dBFS."
audio/ui/gg_ceremony/Lowko_EndGameWon00.ogg,9638ff5dd161e5b929e9a6700cd0969e43f33dfcd9ca20fb4943f1ceb70f9239,mods/liberty.sc2mod/base.sc2assets/LocalizedData/Sounds/VO/Lowko/Lowko_EndGameWon00.ogg,EndGameWon,Lowko,NEUTRAL,"Good game, well played!",GG_LITERAL,ANY,true,true,true,false,false,-2.7,600,VERIFIED,"Reused identical canonical bytes already present in project. Measured I=-13.3 LUFS, peak=-1.6 dBFS; runtime gain targets <= -1 dBFS."
audio/ui/gg_ceremony/Lowko_EndGameWon01.ogg,c82cefe1ac6c27ff86f04538219fca9ac7243862914e9c363d64e6eab10b1c1c,mods/liberty.sc2mod/base.sc2assets/LocalizedData/Sounds/VO/Lowko/Lowko_EndGameWon01.ogg,EndGameWon,Lowko,NEUTRAL,"GG, congratulations!",GG_LITERAL,ANY,true,true,true,false,false,-0.7,600,VERIFIED,"Reused identical canonical bytes already present in project. Measured I=-15.3 LUFS, peak=-2.2 dBFS; runtime gain targets <= -1 dBFS."
audio/ui/tie_endgame/MengskA_GGTie00.ogg,eac71e3a6fa87279b43a14ea2984d267ebf5d179703336d480b35533706b4ac2,mods/liberty.sc2mod/base.sc2assets/LocalizedData/Sounds/VO/Mengsk_Announcer/MengskA_GGTie00.ogg,EndGameTied/GGTie,Mengsk,TERRAN,"Hm, there are only ever winners and losers.",TIE_VO,TIE_ONLY,false,false,false,false,true,-3.7,0,VERIFIED,"Reused identical canonical bytes already present in project. Measured I=-12.3 LUFS, peak=-0.3 dBFS; runtime gain targets <= -1 dBFS."
audio/ui/result_audio/terran/MengskA_GGWin00.ogg,37212fe8704bb32c31e31c30f6a794362b1c548adc571018f44b64cbee44d5bf,mods/liberty.sc2mod/base.sc2assets/LocalizedData/Sounds/VO/Mengsk_Announcer/MengskA_GGWin00.ogg,EndGameWon/GGWin,Mengsk,TERRAN,"Well, it's all in order.",VICTORY_VO,TERRAN,false,false,false,true,false,-1.7,0,VERIFIED,"Reused identical canonical bytes already present in project. Measured I=-14.3 LUFS, peak=-0.5 dBFS; runtime gain targets <= -1 dBFS."
audio/ui/tie_endgame/StetmannA_GGTie00.ogg,5ef17be08ab83d62c722faf208deda1d5e1ca27bd49effd1611ec9604b1a4f56,mods/liberty.sc2mod/base.sc2assets/LocalizedData/Sounds/VO/Stetmann_Announcer/StetmannA_GGTie00.ogg,EndGameTied/GGTie,Stetmann,ZERG,"Yep, it ended just like the voices in my head predicted.",TIE_VO,TIE_ONLY,false,false,false,false,true,-3.4,0,VERIFIED,"Reused identical canonical bytes already present in project. Measured I=-12.6 LUFS, peak=0.6 dBFS; runtime gain targets <= -1 dBFS."
audio/ui/result_audio/zerg/StetmannA_GGWin00.ogg,49938031ac34c7fe7ce6d542cbc26d5db1ee399b6edd721cc63302470444769d,mods/liberty.sc2mod/base.sc2assets/LocalizedData/Sounds/VO/Stetmann_Announcer/StetmannA_GGWin00.ogg,GGWin,Stetmann,ZERG,The voices in my head are silent! Finally! Thank you!,VICTORY_VO,ZERG,false,false,false,true,false,-4.0,0,VERIFIED,"Reused identical canonical bytes already present in project. Measured I=-12.0 LUFS, peak=0.5 dBFS; runtime gain targets <= -1 dBFS."
audio/ui/result_audio/protoss/VorazunA_GGWin00.ogg,bb48a7e8255a604b388bc04520045fcec2760d7612d737b0bf2824ebd8dd32ef,mods/liberty.sc2mod/base.sc2assets/LocalizedData/Sounds/VO/Vorazun_Announcer/VorazunA_GGWin00.ogg,EndGameWon/GGWin,Vorazun,PROTOSS,and Arodine Shakoris.,VICTORY_VO,PROTOSS,false,false,false,true,false,-4.5,0,VERIFIED,"Reused identical canonical bytes already present in project. Measured I=-11.5 LUFS, peak=0.0 dBFS; runtime gain targets <= -1 dBFS."
audio/ui/result_audio/protoss/VorazunA_GGWin01.ogg,88ac4bf6451dd7629142c76602ce3361cae52e586ec2dff9f20cd7fcf482fd86,mods/liberty.sc2mod/base.sc2assets/LocalizedData/Sounds/VO/Vorazun_Announcer/VorazunA_GGWin01.ogg,EndGameWon/GGWin,Vorazun,PROTOSS,Glory to the day long.,VICTORY_VO,PROTOSS,false,false,false,true,false,-4.8,0,VERIFIED,"Reused identical canonical bytes already present in project. Measured I=-11.2 LUFS, peak=-0.1 dBFS; runtime gain targets <= -1 dBFS."
audio/ui/result_audio/protoss/VorazunA_GGWin02.ogg,4bfc53570b4e4645a89c28e3585b24fa8b8aed9b6e69dab0bffb6db919b7daf4,mods/liberty.sc2mod/base.sc2assets/LocalizedData/Sounds/VO/Vorazun_Announcer/VorazunA_GGWin02.ogg,EndGameWon/GGWin,Vorazun,PROTOSS,Witness the might of the Nerazim.,VICTORY_VO,PROTOSS,false,false,false,true,false,-2.6,0,VERIFIED,"Reused identical canonical bytes already present in project. Measured I=-13.4 LUFS, peak=0.0 dBFS; runtime gain targets <= -1 dBFS."
audio/ui/result_audio/protoss/VorazunA_GGWin03.ogg,540a02d11f0d345665b99c1e629a3b4806da8b9629783ac40cb175fcbbaeeed4,mods/liberty.sc2mod/base.sc2assets/LocalizedData/Sounds/VO/Vorazun_Announcer/VorazunA_GGWin03.ogg,EndGameWon/GGWin,Vorazun,PROTOSS,A battle for the legends.,VICTORY_VO,PROTOSS,false,false,false,true,false,-3.2,0,VERIFIED,"Reused identical canonical bytes already present in project. Measured I=-12.8 LUFS, peak=-0.2 dBFS; runtime gain targets <= -1 dBFS."
audio/ui/gg_ceremony/VorazunA_GGWin04.ogg,8be4f9036b973d29d031efa69ec7d4c0df691b83d16f1da7cc812b574286669c,mods/liberty.sc2mod/base.sc2assets/LocalizedData/Sounds/VO/Vorazun_Announcer/VorazunA_GGWin04.ogg,EndGameWon/GGWin,Vorazun,PROTOSS,How did the Terran say it? GG,GG_LITERAL,PROTOSS,true,true,true,false,false,-1.9,450,VERIFIED,"Reused identical canonical bytes already present in project. Measured I=-14.1 LUFS, peak=-1.3 dBFS; runtime gain targets <= -1 dBFS."
audio/ui/result_audio/neutral/WhiteRa_Announcer_GGWin00.ogg,7cac797fdcb2f1118da7ba885edfacf5c288db8612dc7c5c05c445b32bcf121e,mods/liberty.sc2mod/base.sc2assets/LocalizedData/Sounds/VO/White-Ra_Announcer/WhiteRa_Announcer_GGWin00.ogg,GGWin/EndGameWon,White-Ra,NEUTRAL,"More special tactics, more re-in.",VICTORY_VO,ANY,false,false,false,true,false,-4.0,0,VERIFIED,"Reused identical canonical bytes already present in project. Measured I=-12.0 LUFS, peak=-0.6 dBFS; runtime gain targets <= -1 dBFS."
audio/ui/victory_endgame/generic/WhiteRa_Announcer_GGWin01.ogg,c93d538e78d068ea6c6728e66315859b58e2ddf8accc738b5a2bc1591d2cf9f6,mods/liberty.sc2mod/base.sc2assets/LocalizedData/Sounds/VO/White-Ra_Announcer/WhiteRa_Announcer_GGWin01.ogg,GGWin/EndGameWon,White-Ra,NEUTRAL,You made it! Time to celebrate victory!,VICTORY_VO,ANY,false,false,false,true,false,-3.8,0,VERIFIED,"Reused identical canonical bytes already present in project. Measured I=-12.2 LUFS, peak=-0.3 dBFS; runtime gain targets <= -1 dBFS."
audio/ui/result_audio/neutral/WhiteRa_Announcer_GGWin02.ogg,e14987755ee158faa9022c83e7271ea6efe2de02ed87f13f66a2dbea9c141d29,mods/liberty.sc2mod/base.sc2assets/LocalizedData/Sounds/VO/White-Ra_Announcer/WhiteRa_Announcer_GGWin02.ogg,GGWin/EndGameWon,White-Ra,NEUTRAL,It was not difficult.,VICTORY_VO,ANY,false,false,false,true,false,-2.9,0,VERIFIED,"Reused identical canonical bytes already present in project. Measured I=-13.1 LUFS, peak=-0.6 dBFS; runtime gain targets <= -1 dBFS."
audio/ui/result_audio/neutral/WhiteRa_Announcer_GGWin03.ogg,8dbd143ee66724ee7ea9b213c1f360112072cd104f6bcabeecfb2374aca57fe8,mods/liberty.sc2mod/base.sc2assets/LocalizedData/Sounds/VO/White-Ra_Announcer/WhiteRa_Announcer_GGWin03.ogg,GGWin/EndGameWon,White-Ra,NEUTRAL,"The enemy thought well, but you played better.",VICTORY_VO,ANY,false,false,false,true,false,-4.4,0,VERIFIED,"Reused identical canonical bytes already present in project. Measured I=-11.6 LUFS, peak=-0.3 dBFS; runtime gain targets <= -1 dBFS."
audio/ui/gg_ceremony/WinterGamingA_GGWin00.ogg,4f44bf3eeb3ada7b5faa5b505dc2dad8359d13a2df5822abaad663417af6287d,mods/liberty.sc2mod/base.sc2assets/LocalizedData/Sounds/VO/WinterGaming_Announcer/WinterGamingA_GGWin00.ogg,GGWin/EndGameWon,WinterGaming,NEUTRAL,GG.,GG_LITERAL,ANY,true,true,true,false,false,-5.7,600,VERIFIED,"Reused identical canonical bytes already present in project. Measured I=-10.3 LUFS, peak=-2.2 dBFS; runtime gain targets <= -1 dBFS."
audio/ui/result_audio/neutral/WinterGamingA_GGWin01.ogg,20b7a0e9534188cfa9b9775a618b19c350a2136773511fd71c756a30c26468f4,mods/liberty.sc2mod/base.sc2assets/LocalizedData/Sounds/VO/WinterGaming_Announcer/WinterGamingA_GGWin01.ogg,GGWin/EndGameWon,WinterGaming,NEUTRAL,GG,GG_LITERAL,ANY,true,true,true,false,false,-6.0,600,VERIFIED,"Reused identical canonical bytes already present in project. Measured I=-8.6 LUFS, peak=-1.9 dBFS; runtime gain targets <= -1 dBFS."
audio/ui/result_audio/neutral/WinterGamingA_GGWin02.ogg,740dc36700e36d2c4b6044848f996904344cf1861b6269176e0c5483e7e9d17f,mods/liberty.sc2mod/base.sc2assets/LocalizedData/Sounds/VO/WinterGaming_Announcer/WinterGamingA_GGWin02.ogg,GGWin/EndGameWon,WinterGaming,NEUTRAL,It actually worked this time.,VICTORY_VO,ANY,false,false,false,true,false,-5.9,0,VERIFIED,"Reused identical canonical bytes already present in project. Measured I=-10.1 LUFS, peak=-1.4 dBFS; runtime gain targets <= -1 dBFS."
audio/ui/result_audio/neutral/WinterGamingA_GGWin03.ogg,2045e8ebf274d87fa6544ae5ee13cb91ffcedf2aa72798454da1471a73a2b459,mods/liberty.sc2mod/base.sc2assets/LocalizedData/Sounds/VO/WinterGaming_Announcer/WinterGamingA_GGWin03.ogg,GGWin/EndGameWon,WinterGaming,NEUTRAL,Now that's the commander I've been waiting on.,VICTORY_VO,ANY,false,false,false,true,false,-4.6,0,VERIFIED,"Reused identical canonical bytes already present in project. Measured I=-11.4 LUFS, peak=-2.0 dBFS; runtime gain targets <= -1 dBFS."
audio/ui/result_audio/neutral/WinterGamingA_GGWin04.ogg,0e0f7b4d9e07a18438c121961cb1d5f2caf5bbbed774dd320246ede4520d011c,mods/liberty.sc2mod/base.sc2assets/LocalizedData/Sounds/VO/WinterGaming_Announcer/WinterGamingA_GGWin04.ogg,GGWin/EndGameWon,WinterGaming,NEUTRAL,I've never seen this screen before. Wow.,VICTORY_VO,ANY,false,false,false,true,false,-5.1,0,VERIFIED,"Reused identical canonical bytes already present in project. Measured I=-10.9 LUFS, peak=-0.9 dBFS; runtime gain targets <= -1 dBFS."
audio/ui/victory_endgame/protoss/ZeratulA_EndGame00.ogg,4d7891962a723d7b29e0b1d5b23bb2562cba27f68664ca830080fd822d440e61,mods/liberty.sc2mod/base.sc2assets/LocalizedData/Sounds/VO/Zeratul_Announcer/ZeratulA_EndGame00.ogg,EndGameWon/GGWin,Zeratul,PROTOSS,You fight with a valor beyond your years.,VICTORY_VO,PROTOSS,false,false,false,true,false,-4.6,0,VERIFIED,"Reused identical canonical bytes already present in project. Measured I=-11.4 LUFS, peak=-0.5 dBFS; runtime gain targets <= -1 dBFS."
audio/ui/result_audio/protoss/ZeratulA_EndGame01.ogg,a4623a114f78d6053c2af26f5a5faa73e560254b60cfe145e05d6861b140b2f5,mods/liberty.sc2mod/base.sc2assets/LocalizedData/Sounds/VO/Zeratul_Announcer/ZeratulA_EndGame01.ogg,EndGameWon/GGWin,Zeratul,PROTOSS,A warrior's heart meets within you.,VICTORY_VO,PROTOSS,false,false,false,true,false,-4.5,0,VERIFIED,"Reused identical canonical bytes already present in project. Measured I=-11.5 LUFS, peak=-0.9 dBFS; runtime gain targets <= -1 dBFS."
audio/ui/result_audio/tie/ZeratulA_EndGameTied00.ogg,01d7a568a074538a8ba600237068d7e3e408b112ae64e35386e8c5bc287c98a4,mods/liberty.sc2mod/base.sc2assets/LocalizedData/Sounds/VO/Zeratul_Announcer/ZeratulA_EndGameTied00.ogg,EndGameTied/GGTie,Zeratul,PROTOSS,So dumb have I seen two opponents so evenly matched.,TIE_VO,TIE_ONLY,false,false,false,false,true,-4.9,0,VERIFIED,"Reused identical canonical bytes already present in project. Measured I=-11.1 LUFS, peak=-0.6 dBFS; runtime gain targets <= -1 dBFS."
audio/ui/result_audio/neutral/Day9_EndGame01.ogg,74d024428c1647f08f1c1d46ad5cc5efdedcb516ba13673042d474a80e3e8bfe,mods/liberty.sc2mod/enus.sc2assets/LocalizedData/Sounds/VO/Day9_EndGame01.ogg,GGWin/EndGameWon,Day9,NEUTRAL,Good game!,GG_LITERAL,ANY,true,true,true,false,false,-6.0,600,VERIFIED,"Reused identical canonical bytes already present in project. Measured I=-9.6 LUFS, peak=-1.1 dBFS; runtime gain targets <= -1 dBFS."
audio/ui/victory_endgame/terran/HornerHanAnnouncer_EndGame00.ogg,c28b465417dcc355b71036d0a4e97f6f1867a469d8cc83545226e134a628f55f,mods/liberty.sc2mod/enus.sc2assets/LocalizedData/Sounds/VO/HornerHanAnnouncer_EndGame00.ogg,EndGameWon/GGWin,Horner and Han,TERRAN,"You won! Uhh, Matthew, you have some competition! Ah, that's great.",VICTORY_VO,TERRAN,false,false,false,true,false,-3.7,0,VERIFIED,"Reused identical canonical bytes already present in project. Measured I=-12.3 LUFS, peak=0.3 dBFS; runtime gain targets <= -1 dBFS."
audio/ui/result_audio/tie/HornerHanAnnouncer_EndGame02.ogg,82f5f70e6211ab6a606753849c7a31666222f1ca0246319996d7074dc7d8d1bc,mods/liberty.sc2mod/enus.sc2assets/LocalizedData/Sounds/VO/HornerHanAnnouncer_EndGame02.ogg,EndGameTied/GGTie,Horner and Han,TERRAN,You and your opponent were evenly matched. Just like us darling.,TIE_VO,TIE_ONLY,false,false,false,false,true,-3.6,0,VERIFIED,"Reused identical canonical bytes already present in project. Measured I=-12.4 LUFS, peak=0.7 dBFS; runtime gain targets <= -1 dBFS."
audio/ui/result_audio/terran/HornerHanAnnouncer_EndGame03.ogg,00a46f072db21b0de057db1f5683b70430f9fe023811eed96840691c4ba3d982,mods/liberty.sc2mod/enus.sc2assets/LocalizedData/Sounds/VO/HornerHanAnnouncer_EndGame03.ogg,EndGameWon/GGWin,Horner and Han,TERRAN,"That was more fun than I expected. I prefer watching you, Matthew.",VICTORY_VO,TERRAN,false,false,false,true,false,-2.3,0,VERIFIED,"Reused identical canonical bytes already present in project. Measured I=-13.7 LUFS, peak=0.3 dBFS; runtime gain targets <= -1 dBFS."
audio/ui/result_audio/neutral/iNcontrolA_EndGame00.ogg,d45c5aab6b9c4250744793f911d73b09daf2f715fe1c6feb19532ef7df0d3ae9,mods/liberty.sc2mod/enus.sc2assets/LocalizedData/Sounds/VO/iNcontrolA_EndGame00.ogg,GGWin/EndGameWon,iNcontrol,NEUTRAL,And they're outta here!,VICTORY_VO,ANY,false,false,false,true,false,-5.4,0,VERIFIED,"Reused identical canonical bytes already present in project. Measured I=-10.6 LUFS, peak=-1.3 dBFS; runtime gain targets <= -1 dBFS."
audio/ui/result_audio/neutral/NathaniasA_EndGame00.ogg,28877290132eb698ff7ce8bc6c8157440b70909284036a82bf89c4bfd075e21e,mods/liberty.sc2mod/enus.sc2assets/LocalizedData/Sounds/VO/NathaniasA_EndGame00.ogg,GGWin/EndGameWon,Nathanias,NEUTRAL,GG,GG_LITERAL,ANY,true,true,true,false,false,-6.0,600,VERIFIED,"Reused identical canonical bytes already present in project. Measured I=-9.5 LUFS, peak=-1.8 dBFS; runtime gain targets <= -1 dBFS."
audio/ui/victory_endgame/generic/NathaniasA_EndGame01.ogg,78f06c4bcaf2713bf4e383a03f5a30604d51670dd0c6be2c0f912ba662890269,mods/liberty.sc2mod/enus.sc2assets/LocalizedData/Sounds/VO/NathaniasA_EndGame01.ogg,GGWin/EndGameWon,Nathanias,NEUTRAL,A phenomenal finish!,VICTORY_VO,ANY,false,false,false,true,false,-4.7,0,VERIFIED,"Reused identical canonical bytes already present in project. Measured I=-11.3 LUFS, peak=-2.9 dBFS; runtime gain targets <= -1 dBFS."
audio/ui/result_audio/neutral/NathaniasA_EndGame02.ogg,429d21ad6d371f6005df2944203c14efca0ac8774b2a5edbd541b751873ffdd3,mods/liberty.sc2mod/enus.sc2assets/LocalizedData/Sounds/VO/NathaniasA_EndGame02.ogg,GGWin/EndGameWon,Nathanias,NEUTRAL,Pin this replay up on the wall.,VICTORY_VO,ANY,false,false,false,true,false,-3.2,0,VERIFIED,"Reused identical canonical bytes already present in project. Measured I=-12.8 LUFS, peak=-2.6 dBFS; runtime gain targets <= -1 dBFS."
audio/ui/result_audio/neutral/scboyA_EndGame00.ogg,505dcfd8da005554eb6187b087eb76cb0bfe3110efbcebd33feed14db3d4917b,mods/liberty.sc2mod/enus.sc2assets/LocalizedData/Sounds/VO/scboyA_EndGame00.ogg,GGWin/EndGameWon,SCBoy,NEUTRAL,GG!,GG_LITERAL,ANY,true,true,true,false,false,-5.8,600,VERIFIED,"Reused identical canonical bytes already present in project. Measured I=-10.2 LUFS, peak=-2.7 dBFS; runtime gain targets <= -1 dBFS."
audio/ui/result_audio/terran/StoneAnnouncer_EndGame00.ogg,a07f7b14e8bae0e5b4c1db5d791c866b660c9e46289eb23c0d9ba0715a271af9,mods/liberty.sc2mod/enus.sc2assets/LocalizedData/Sounds/VO/StoneAnnouncer_EndGame00.ogg,EndGameWon/GGWin,Stone,TERRAN,Real impressive. We could use someone like you at the Ghost Academy.,VICTORY_VO,TERRAN,false,false,false,true,false,-3.5,0,VERIFIED,"Reused identical canonical bytes already present in project. Measured I=-12.5 LUFS, peak=-0.8 dBFS; runtime gain targets <= -1 dBFS."
audio/ui/victory_endgame/terran/StoneAnnouncer_EndGame01.ogg,da2e75ffd951ec3f0262f34dd9e40c5afe5476f8a01891a896fe09276f78598a,mods/liberty.sc2mod/enus.sc2assets/LocalizedData/Sounds/VO/StoneAnnouncer_EndGame01.ogg,EndGameWon/GGWin,Stone,TERRAN,Nice work. Maybe you should join me on a mission sometime.,VICTORY_VO,TERRAN,false,false,false,true,false,-2.7,0,VERIFIED,"Reused identical canonical bytes already present in project. Measured I=-13.3 LUFS, peak=-2.2 dBFS; runtime gain targets <= -1 dBFS."
audio/ui/tie_endgame/StoneAnnouncer_EndGameTied00.ogg,141b8a9e14dab5c2315e4c1023fb100a0003129b400d63b49e50ae5f9c8163c3,mods/liberty.sc2mod/enus.sc2assets/LocalizedData/Sounds/VO/StoneAnnouncer_EndGameTied00.ogg,EndGameTied/GGTie,Stone,TERRAN,"Well I'll be damned, you're both equally matched.",TIE_VO,TIE_ONLY,false,false,false,false,true,-2.5,0,VERIFIED,"Reused identical canonical bytes already present in project. Measured I=-13.5 LUFS, peak=-1.2 dBFS; runtime gain targets <= -1 dBFS."
audio/ui/result_audio/neutral/TastosisArenaCrowdA_GGWin01.ogg,257fd2e3140c0cc2a97f13afa77e410d736a80f0b1519a6c705d57916a6c386a,mods/liberty.sc2mod/enus.sc2assets/LocalizedData/Sounds/VO/TastosisArenaCrowdA_GGWin01.ogg,GGWin/EndGameWon,Tastosis Arena Crowd,NEUTRAL,GG!,GG_LITERAL,ANY,true,true,true,false,false,-5.4,600,VERIFIED,"Reused identical canonical bytes already present in project. Measured I=-10.6 LUFS, peak=-1.2 dBFS; runtime gain targets <= -1 dBFS."
audio/ui/result_audio/neutral/TastosisArenaCrowdA_GGWin02.ogg,0d0e6d3414026210dd156cb359132aaeb6625462771a14e3664519addfa2869c,mods/liberty.sc2mod/enus.sc2assets/LocalizedData/Sounds/VO/TastosisArenaCrowdA_GGWin02.ogg,GGWin/EndGameWon,Tastosis Arena Crowd,NEUTRAL,GG,GG_LITERAL,ANY,true,true,true,false,false,-4.7,600,VERIFIED,"Reused identical canonical bytes already present in project. Measured I=-11.3 LUFS, peak=-1.6 dBFS; runtime gain targets <= -1 dBFS."
audio/ui/result_audio/terran/TychusAnnouncer_EndGame00.ogg,40e961335b688a6452e62dbb225f4dd984a9324ed61f22e530c7721f809f8de5,mods/liberty.sc2mod/enus.sc2assets/LocalizedData/Sounds/VO/TychusAnnouncer_EndGame00.ogg,EndGameWon/GGWin,Tychus,TERRAN,Real smooth ain't ya?,VICTORY_VO,TERRAN,false,false,false,true,false,-5.2,0,VERIFIED,"Reused identical canonical bytes already present in project. Measured I=-10.8 LUFS, peak=-0.4 dBFS; runtime gain targets <= -1 dBFS."
audio/ui/victory_endgame/terran/TychusAnnouncer_EndGame01.ogg,3632532f97bcf2905ce69e7b587a9f14d9db512c5e8b47fb0e9470609d51dee6,mods/liberty.sc2mod/enus.sc2assets/LocalizedData/Sounds/VO/TychusAnnouncer_EndGame01.ogg,EndGameWon/GGWin,Tychus,TERRAN,Victory! It looks good on you kid!,VICTORY_VO,TERRAN,false,false,false,true,false,-3.9,0,VERIFIED,"Reused identical canonical bytes already present in project. Measured I=-12.1 LUFS, peak=-0.3 dBFS; runtime gain targets <= -1 dBFS."
audio/ui/result_audio/tie/TychusAnnouncer_EndGameTied00.ogg,a84e90acf2d2df7c5f45878411f4e2bc63e1647c0eacb39eeba0a4d9f2c683f8,mods/liberty.sc2mod/enus.sc2assets/LocalizedData/Sounds/VO/TychusAnnouncer_EndGameTied00.ogg,EndGameTied/GGTie,Tychus,TERRAN,I'll be damned. You're tired.,TIE_VO,TIE_ONLY,false,false,false,false,true,-5.6,0,VERIFIED,"Reused identical canonical bytes already present in project. Measured I=-10.4 LUFS, peak=-0.5 dBFS; runtime gain targets <= -1 dBFS."
audio/ui/result_audio/zerg/acVictory_Abathur_053.ogg,32125cc92dc7d28a696805e397a61e3a083d591fd994c52529ad258e2c1d1f31,campaigns/void.sc2campaign/base.sc2assets/LocalizedData/Sounds/VO/acVictory_Abathur_053.ogg,acVictory,Abathur,ZERG,"Swarm, triumphant. Mutations, effective.",VICTORY_VO,ZERG,false,false,false,true,false,-0.4,0,VERIFIED_GAME_DATA_AND_LOCALIZATION,"Reused identical canonical bytes already present in project. Measured I=-18.0 LUFS, peak=-0.6 dBFS; runtime gain targets <= -1 dBFS."
audio/ui/result_audio/zerg/acVictory_Abathur_054.ogg,50296106ace63b913197b8ad95276494a82fd07ba6657d2d49628c994baa59fc,campaigns/void.sc2campaign/base.sc2assets/LocalizedData/Sounds/VO/acVictory_Abathur_054.ogg,acVictory,Abathur,ZERG,"Victory, foregone conclusion. Celebration, unnecessary.",VICTORY_VO,ZERG,false,false,false,true,false,0.0,0,VERIFIED_GAME_DATA_AND_LOCALIZATION,"Reused identical canonical bytes already present in project. Measured I=-17.3 LUFS, peak=-1.0 dBFS; runtime gain targets <= -1 dBFS."
audio/ui/result_audio/zerg/acVictory_Abathur_055.ogg,e7ae2e4535a8b4da5e24e388c5cc7e06bd6142c978f19fb5a4e469df58077a84,campaigns/void.sc2campaign/base.sc2assets/LocalizedData/Sounds/VO/acVictory_Abathur_055.ogg,acVictory,Abathur,ZERG,Useful encounter. Learned much. Must spin new sequences.,VICTORY_VO,ZERG,false,false,false,true,false,-0.3,0,VERIFIED_GAME_DATA_AND_LOCALIZATION,"Reused identical canonical bytes already present in project. Measured I=-18.6 LUFS, peak=-0.7 dBFS; runtime gain targets <= -1 dBFS."
audio/ui/result_audio/zerg/acVictory_Abathur_056.ogg,c2a34f05761af791e2f58460380c8c4127bde4886298aeac25a57faed7dfa61b,campaigns/void.sc2campaign/base.sc2assets/LocalizedData/Sounds/VO/acVictory_Abathur_056.ogg,acVictory,Abathur,ZERG,Evolution continues. Swarm grows stronger.,VICTORY_VO,ZERG,false,false,false,true,false,-0.3,0,VERIFIED_GAME_DATA_AND_LOCALIZATION,"Reused identical canonical bytes already present in project. Measured I=-16.2 LUFS, peak=-0.7 dBFS; runtime gain targets <= -1 dBFS."
audio/ui/result_audio/zerg/acVictory_Abathur_057.ogg,5171d7c2985f0aebc661f239a23c5fadd1f688605dc16c54915c3fdb8e1f3348,campaigns/void.sc2campaign/base.sc2assets/LocalizedData/Sounds/VO/acVictory_Abathur_057.ogg,acVictory,Abathur,ZERG,"Swarm strategy, calculated. Efficient. Enemy strategy, inferior.",VICTORY_VO,ZERG,false,false,false,true,false,-1.5,0,VERIFIED_GAME_DATA_AND_LOCALIZATION,"Reused identical canonical bytes already present in project. Measured I=-17.7 LUFS, peak=0.5 dBFS; runtime gain targets <= -1 dBFS."
audio/ui/result_audio/zerg/acVictory_Abathur_058.ogg,b6b35fe4af388613fefed894757b02bf2c30be1fbc10c48e96a7dafe476a41a3,campaigns/void.sc2campaign/base.sc2assets/LocalizedData/Sounds/VO/acVictory_Abathur_058.ogg,acVictory,Abathur,ZERG,"Organism Abathur, strongest there is.",VICTORY_VO,ZERG,false,false,false,true,false,-0.9,0,VERIFIED_GAME_DATA_AND_LOCALIZATION,"Reused identical canonical bytes already present in project. Measured I=-16.0 LUFS, peak=-0.1 dBFS; runtime gain targets <= -1 dBFS."
audio/ui/result_audio/zerg/acVictory_Kerrigan_006.ogg,bd6c8abc374893cc01686a5ff47d481aba1bdb08edeaa6cf14b563c4a1a024d1,campaigns/void.sc2campaign/base.sc2assets/LocalizedData/Sounds/VO/acVictory_Kerrigan_006.ogg,acVictory,Kerrigan,ZERG,Well then... that's over.,VICTORY_VO,ZERG,false,false,false,true,false,0.8,0,VERIFIED_GAME_DATA_AND_LOCALIZATION,"Reused identical canonical bytes already present in project. Measured I=-19.3 LUFS, peak=-1.8 dBFS; runtime gain targets <= -1 dBFS."
audio/ui/result_audio/zerg/acVictory_Kerrigan_007.ogg,f7bbc4ac217d3cb2f524d48b43ff106dde31050dd0ea6c7afcc470ee08e8c18d,campaigns/void.sc2campaign/base.sc2assets/LocalizedData/Sounds/VO/acVictory_Kerrigan_007.ogg,acVictory,Kerrigan,ZERG,Victory is mine.,VICTORY_VO,ZERG,false,false,false,true,false,0.2,0,VERIFIED_GAME_DATA_AND_LOCALIZATION,"Reused identical canonical bytes already present in project. Measured I=-18.7 LUFS, peak=-1.2 dBFS; runtime gain targets <= -1 dBFS."
audio/ui/result_audio/zerg/acVictory_Kerrigan_008.ogg,a8f051e5e7ee78d731161e263b9adaaa1d5fa0140013ab9a9e55d4c8b6ebf71f,campaigns/void.sc2campaign/base.sc2assets/LocalizedData/Sounds/VO/acVictory_Kerrigan_008.ogg,acVictory,Kerrigan,ZERG,"Nice work, partner.",VICTORY_VO,ZERG,false,false,false,true,false,-1.1,0,VERIFIED_GAME_DATA_AND_LOCALIZATION,"Reused identical canonical bytes already present in project. Measured I=-20.0 LUFS, peak=0.1 dBFS; runtime gain targets <= -1 dBFS."
audio/ui/result_audio/zerg/acVictory_Kerrigan_009.ogg,7e65bf3e1151ce0f092746ae175bf3694764c5eee40efa5206753011a356a217,campaigns/void.sc2campaign/base.sc2assets/LocalizedData/Sounds/VO/acVictory_Kerrigan_009.ogg,acVictory,Kerrigan,ZERG,We're done here.,VICTORY_VO,ZERG,false,false,false,true,false,3.1,0,VERIFIED_GAME_DATA_AND_LOCALIZATION,"Reused identical canonical bytes already present in project. Measured I=-20.3 LUFS, peak=-4.1 dBFS; runtime gain targets <= -1 dBFS."
audio/ui/result_audio/zerg/acVictory_Kerrigan_010.ogg,5f9969cb9098a55911338093b4eeb95ae65015d2bd8a1a7fd65f22e70ae00501,campaigns/void.sc2campaign/base.sc2assets/LocalizedData/Sounds/VO/acVictory_Kerrigan_010.ogg,acVictory,Kerrigan,ZERG,Nothing can stop us.,VICTORY_VO,ZERG,false,false,false,true,false,-1.6,0,VERIFIED_GAME_DATA_AND_LOCALIZATION,"Reused identical canonical bytes already present in project. Measured I=-17.0 LUFS, peak=0.6 dBFS; runtime gain targets <= -1 dBFS."
audio/ui/result_audio/zerg/acVictory_Kerrigan_041.ogg,5485f01dc81731ed086b8a82c7a2c010b31b204804fa03bf8d3849eb65688af4,campaigns/void.sc2campaign/base.sc2assets/LocalizedData/Sounds/VO/acVictory_Kerrigan_041.ogg,acVictory,Kerrigan,ZERG,I am good.,VICTORY_VO,ZERG,false,false,false,true,false,-1.4,0,VERIFIED_GAME_DATA_AND_LOCALIZATION,"Reused identical canonical bytes already present in project. Measured I=-17.9 LUFS, peak=0.4 dBFS; runtime gain targets <= -1 dBFS."
audio/ui/result_audio/zerg/acVictory_Zagara_031.ogg,b9d42511901eb8fccaf6be4508c60d6b56b4e4adc5ea47f32012e79d5bb09989,campaigns/void.sc2campaign/base.sc2assets/LocalizedData/Sounds/VO/acVictory_Zagara_031.ogg,acVictory,Zagara,ZERG,The Swarm is victorious. It is as I planned.,VICTORY_VO,ZERG,false,false,false,true,false,0.0,0,VERIFIED_GAME_DATA_AND_LOCALIZATION,"Reused identical canonical bytes already present in project. Measured I=-18.2 LUFS, peak=-1.0 dBFS; runtime gain targets <= -1 dBFS."
audio/ui/result_audio/zerg/acVictory_Zagara_032.ogg,f51457125c739eb01e03f6c019d0b6bd2c1e459cbcfaa3947dc83f2b52872749,campaigns/void.sc2campaign/base.sc2assets/LocalizedData/Sounds/VO/acVictory_Zagara_032.ogg,acVictory,Zagara,ZERG,"We had vision, our foe did not. It is that simple.",VICTORY_VO,ZERG,false,false,false,true,false,-1.2,0,VERIFIED_GAME_DATA_AND_LOCALIZATION,"Reused identical canonical bytes already present in project. Measured I=-16.9 LUFS, peak=0.2 dBFS; runtime gain targets <= -1 dBFS."
audio/ui/result_audio/zerg/acVictory_Zagara_033.ogg,c5a64a3ca853a2e1616135eb2c279b923df5dd4885b84bc1b834afe8a3c6ab3e,campaigns/void.sc2campaign/base.sc2assets/LocalizedData/Sounds/VO/acVictory_Zagara_033.ogg,acVictory,Zagara,ZERG,We have fought well together.,VICTORY_VO,ZERG,false,false,false,true,false,0.4,0,VERIFIED_GAME_DATA_AND_LOCALIZATION,"Reused identical canonical bytes already present in project. Measured I=-16.4 LUFS, peak=-1.9 dBFS; runtime gain targets <= -1 dBFS."
audio/ui/result_audio/zerg/acVictory_Zagara_034.ogg,e109a0e7a473d2a2eb50cf9c61d808e7b457879e17ce0f622d813cffe1ddaea8,campaigns/void.sc2campaign/base.sc2assets/LocalizedData/Sounds/VO/acVictory_Zagara_034.ogg,acVictory,Zagara,ZERG,Revel in the victory I have brought you.,VICTORY_VO,ZERG,false,false,false,true,false,-0.1,0,VERIFIED_GAME_DATA_AND_LOCALIZATION,"Reused identical canonical bytes already present in project. Measured I=-15.9 LUFS, peak=-1.6 dBFS; runtime gain targets <= -1 dBFS."
audio/ui/result_audio/zerg/acVictory_Zagara_035.ogg,cacf3f210f5d57e9d810f510897f2d8c1d7972349c78f4be2a09d74443786921,campaigns/void.sc2campaign/base.sc2assets/LocalizedData/Sounds/VO/acVictory_Zagara_035.ogg,acVictory,Zagara,ZERG,We are the Swarm. There was no other outcome.,VICTORY_VO,ZERG,false,false,false,true,false,-0.6,0,VERIFIED_GAME_DATA_AND_LOCALIZATION,"Reused identical canonical bytes already present in project. Measured I=-15.4 LUFS, peak=-2.1 dBFS; runtime gain targets <= -1 dBFS."
audio/ui/result_audio/zerg/acVictory_Zagara_037.ogg,2d696de230e823cadfb5e56ec634cd1fe33e6ccd4a183d2a602b4af04b6b5b1a,campaigns/void.sc2campaign/base.sc2assets/LocalizedData/Sounds/VO/acVictory_Zagara_037.ogg,acVictory,Zagara,ZERG,Victory is mine.,VICTORY_VO,ZERG,false,false,false,true,false,0.7,0,VERIFIED_GAME_DATA_AND_LOCALIZATION,"Reused identical canonical bytes already present in project. Measured I=-18.3 LUFS, peak=-1.7 dBFS; runtime gain targets <= -1 dBFS."
audio/ui/result_audio/zerg/acVictory_Dehaka_083.ogg,ecfde4506959057f61f1da321205f029ed5fafeee9a78a0b009022a599c756d8,campaigns/void.sc2campaign/enus.sc2assets/LocalizedData/Sounds/VO/acVictory_Dehaka_083.ogg,acVictory,Dehaka,ZERG,We are a tide. The enemy is driftwood.,VICTORY_VO,ZERG,false,false,false,true,false,0.2,0,VERIFIED_GAME_DATA_AND_LOCALIZATION,"Reused identical canonical bytes already present in project. Measured I=-17.0 LUFS, peak=-1.2 dBFS; runtime gain targets <= -1 dBFS."
audio/ui/result_audio/zerg/acVictory_Dehaka_084.ogg,a34272490fb690e081dfaa9e9476c8d8f05abe35442d7e848b2d1064dfba8129,campaigns/void.sc2campaign/enus.sc2assets/LocalizedData/Sounds/VO/acVictory_Dehaka_084.ogg,acVictory,Dehaka,ZERG,Never stop changing.,VICTORY_VO,ZERG,false,false,false,true,false,0.3,0,VERIFIED_GAME_DATA_AND_LOCALIZATION,"Reused identical canonical bytes already present in project. Measured I=-16.7 LUFS, peak=-1.3 dBFS; runtime gain targets <= -1 dBFS."
audio/ui/result_audio/zerg/acVictory_Dehaka_085.ogg,1287895a37e9cc89283c4c0fc3828864fc67a7bdd6bd340f1ac0ce640a80c75b,campaigns/void.sc2campaign/enus.sc2assets/LocalizedData/Sounds/VO/acVictory_Dehaka_085.ogg,acVictory,Dehaka,ZERG,We have learned. We have grown.,VICTORY_VO,ZERG,false,false,false,true,false,0.4,0,VERIFIED_GAME_DATA_AND_LOCALIZATION,"Reused identical canonical bytes already present in project. Measured I=-17.2 LUFS, peak=-1.4 dBFS; runtime gain targets <= -1 dBFS."
audio/ui/result_audio/zerg/acVictory_Dehaka_086.ogg,5b3efef94004bfe5e11d599aab3f28212394b1f7fc28389e45a37015e901df64,campaigns/void.sc2campaign/enus.sc2assets/LocalizedData/Sounds/VO/acVictory_Dehaka_086.ogg,acVictory,Dehaka,ZERG,Nothing can stop me.,VICTORY_VO,ZERG,false,false,false,true,false,0.4,0,VERIFIED_GAME_DATA_AND_LOCALIZATION,"Reused identical canonical bytes already present in project. Measured I=-16.7 LUFS, peak=-1.4 dBFS; runtime gain targets <= -1 dBFS."
audio/ui/result_audio/zerg/acVictory_Dehaka_087.ogg,7150da1b34ee013dd2d99585a6090aa72c0c06d7e920224066e7cd2d36b2dd01,campaigns/void.sc2campaign/enus.sc2assets/LocalizedData/Sounds/VO/acVictory_Dehaka_087.ogg,acVictory,Dehaka,ZERG,Witness strength of primal zerg.,VICTORY_VO,ZERG,false,false,false,true,false,0.2,0,VERIFIED_GAME_DATA_AND_LOCALIZATION,"Reused identical canonical bytes already present in project. Measured I=-16.4 LUFS, peak=-1.2 dBFS; runtime gain targets <= -1 dBFS."
audio/ui/result_audio/zerg/acVictory_Dehaka_088.ogg,dd0d8c2c6e69ed14d449fb9f09e4a9b002aa63fc16459d03a927aaf700f48a92,campaigns/void.sc2campaign/enus.sc2assets/LocalizedData/Sounds/VO/acVictory_Dehaka_088.ogg,acVictory,Dehaka,ZERG,Our enemies are unchanging. No match for us.,VICTORY_VO,ZERG,false,false,false,true,false,0.5,0,VERIFIED_GAME_DATA_AND_LOCALIZATION,"Reused identical canonical bytes already present in project. Measured I=-16.5 LUFS, peak=-1.5 dBFS; runtime gain targets <= -1 dBFS."
audio/ui/result_music/victory/UI_Stinger_VictoryPanel01.ogg,e47f267fc16ca5f10921ef5cae96da20cfed05ad98e29d5b5764503beb1cd414,R13_APP_ASSET/audio/ui/result_music/victory/UI_Stinger_VictoryPanel01.ogg,ResultMusic,Instrumental,NEUTRAL,,VICTORY_MUSIC,ANY,false,false,false,false,false,0.0,0,VERIFIED,Existing R13 accepted canonical result cue.
audio/ui/result_music/victory/UI_Stinger_VictoryPanel02.ogg,9fdf37e53a4b4691036986364c3d3f3034ea715d329ceb50fe18fd2843f3dfc4,R13_APP_ASSET/audio/ui/result_music/victory/UI_Stinger_VictoryPanel02.ogg,ResultMusic,Instrumental,NEUTRAL,,VICTORY_MUSIC,ANY,false,false,false,false,false,0.0,0,VERIFIED,Existing R13 accepted canonical result cue.
audio/ui/result_music/victory/UI_Stinger_VictoryPanel03.ogg,59d869cb9d79117f5fae1d2cacb35aeef02b4cc48d8d5989b9e15fa060368f94,R13_APP_ASSET/audio/ui/result_music/victory/UI_Stinger_VictoryPanel03.ogg,ResultMusic,Instrumental,NEUTRAL,,VICTORY_MUSIC,ANY,false,false,false,false,false,0.0,0,VERIFIED,Existing R13 accepted canonical result cue.
audio/ui/result_music/terran/ZSwarm_Music_TerranVictoryNew.ogg,a4d3d41723d03f6cd9358f9d3f8010713a6218f23d56f53048622d7dd6460681,R13_APP_ASSET/audio/ui/result_music/terran/ZSwarm_Music_TerranVictoryNew.ogg,ResultMusic,Instrumental,NEUTRAL,,VICTORY_MUSIC,TERRAN,false,false,false,false,false,0.0,0,VERIFIED,Existing R13 accepted canonical result cue.
audio/ui/result_music/protoss/Music_VoidPrologue_VictoryScreen_01.ogg,877b4668aaf7d791ed60e294d18cd476ba4f5fdde601b140690982a926eb6a43,R13_APP_ASSET/audio/ui/result_music/protoss/Music_VoidPrologue_VictoryScreen_01.ogg,ResultMusic,Instrumental,NEUTRAL,,VICTORY_MUSIC,PROTOSS,false,false,false,false,false,0.0,0,VERIFIED,Existing R13 accepted canonical result cue.
audio/ui/result_music/protoss/Music_Void_Victory_01.ogg,075554c936ab7307fc6e5e17958f57227c3d63f9cf0df8762d7d8f4ed6b57b6d,R13_APP_ASSET/audio/ui/result_music/protoss/Music_Void_Victory_01.ogg,ResultMusic,Instrumental,NEUTRAL,,VICTORY_MUSIC,PROTOSS,false,false,false,false,false,0.0,0,VERIFIED,Existing R13 accepted canonical result cue.
audio/ui/result_music/protoss/Music_Void_Victory_02.ogg,66b23afd9c1e35fe36dffcb1381c6209c7e388afcf06f9eba7e1553d579dac22,R13_APP_ASSET/audio/ui/result_music/protoss/Music_Void_Victory_02.ogg,ResultMusic,Instrumental,NEUTRAL,,VICTORY_MUSIC,PROTOSS,false,false,false,false,false,0.0,0,VERIFIED,Existing R13 accepted canonical result cue.
audio/ui/result_music/protoss/Music_Void_Victory_04.ogg,4a32d73e08462ad1243bd464b9849ac7ac05a2738f4371dbabecdfec18a11d12,R13_APP_ASSET/audio/ui/result_music/protoss/Music_Void_Victory_04.ogg,ResultMusic,Instrumental,NEUTRAL,,VICTORY_MUSIC,PROTOSS,false,false,false,false,false,0.0,0,VERIFIED,Existing R13 accepted canonical result cue.
audio/ui/result_music/zerg/Music_DarkVictory_Full.ogg,13df0834f90dc18c6b280478d07bcb9aa9c12a33d72b62b78c08af959c499576,R13_APP_ASSET/audio/ui/result_music/zerg/Music_DarkVictory_Full.ogg,ResultMusic,Instrumental,NEUTRAL,,VICTORY_MUSIC,ZERG,false,false,false,false,false,0.0,0,VERIFIED,Existing R13 accepted canonical result cue.
audio/ui/result_music/zerg/ZSwarm_Music_CutsceneVictory6.ogg,6fa6465142be4d4a6d61f73a173366c1c1817a8496b465e516cfa1d8c1649639,R13_APP_ASSET/audio/ui/result_music/zerg/ZSwarm_Music_CutsceneVictory6.ogg,ResultMusic,Instrumental,NEUTRAL,,VICTORY_MUSIC,ZERG,false,false,false,false,false,0.0,0,VERIFIED,Existing R13 accepted canonical result cue.
audio/ui/result_music/zerg/ZSwarm_Music_DarkVictory_LiveFull.ogg,6460e47ccb43fc9e17703fe09db767dc6829344facf99801e001b50c492543c2,R13_APP_ASSET/audio/ui/result_music/zerg/ZSwarm_Music_DarkVictory_LiveFull.ogg,ResultMusic,Instrumental,NEUTRAL,,VICTORY_MUSIC,ZERG,false,false,false,false,false,0.0,0,VERIFIED,Existing R13 accepted canonical result cue.
audio/ui/result_music/draw/UI_Stinger_DefeatPanelGeneric.ogg,dc43e6fb33dc82a28b7af18681a61dc77f7108fb9797a41c4275a43385a5d916,R13_APP_ASSET/audio/ui/result_music/draw/UI_Stinger_DefeatPanelGeneric.ogg,ResultMusic,Instrumental,NEUTRAL,,DRAW_MUSIC,TIE_ONLY,false,false,false,false,false,0.0,0,VERIFIED,Existing R13 accepted canonical result cue.
