TERRAN	A-13 FLASH GRENADE LAUNCHER
TERRAN	ADDITIONAL SUPPLY DEPOTS
TERRAN	ADVANCED MEDIC FACILITIES
TERRAN	ARES-CLASS TARGETING SYSTEM
TERRAN	ARMED AND READY
TERRAN	COMBAT SHIELD
TERRAN	COMMANDER
TERRAN	CONCUSIVE SHELLS
TERRAN	DEVASTATING CHARGE
TERRAN	FIELD REPAIR
TERRAN	FREEDOM FIGHTERS
TERRAN	GLIDING
TERRAN	GO! GO! GO!
TERRAN	GRENADES - FRAG
TERRAN	INFANTRY ARMOR
TERRAN	KINETIC FOAM
TERRAN	LASER TARGETING SYSTEMS
TERRAN	LIFE SUPPORT
TERRAN	MEDPACK
TERRAN	OPTICAL FLARE
TERRAN	ORDERS
TERRAN	POINT DEFENSE LASER
TERRAN	RAIDERS ROLL!
TERRAN	RAPID REINFORCEMENTS
TERRAN	READY FOR DUST-OFF
TERRAN	READY FOR PICKUP?
TERRAN	RESTORATION
TERRAN	SIDEARM INDOMITABLE
TERRAN	SLUGTHROWER
TERRAN	STABILIZER MEDPACKS
TERRAN	STIMPACK
TERRAN	STRAP IN!
TERRAN	STRUCTURE
TERRAN	TARGET LOCK
TERRAN	TERRAN TENACITY
TERRAN	VEHICLE PLATING
TERRAN	VETERAN OF TARSONIS
PROTOSS	ANCIENT PRIDE
PROTOSS	BLINK
PROTOSS	BOUND BY THE KHALA
PROTOSS	CHARGE
PROTOSS	COMMANDER
PROTOSS	DAE’UHL
PROTOSS	DEVASTATING CHARGE
PROTOSS	FORCE FIELD
PROTOSS	FURY OF THE NERAZIM
PROTOSS	GRAVITIC BOOSTERS
PROTOSS	GROUND ARMOR
PROTOSS	GUARDIAN SHELL
PROTOSS	GUIDANCE
PROTOSS	HALLUCINATION
PROTOSS	HIERARCH’S STAND
PROTOSS	KHALAI INGENUITY
PROTOSS	LEG ENHANCEMENTS
PROTOSS	MY LIFE FOR AIUR
PROTOSS	PATH OF SHADOWS
PROTOSS	PRECOGNITION
PROTOSS	PSIONIC PRESENCE
PROTOSS	PSIONIC TRANSFER
PROTOSS	PYLON WARP-IN
PROTOSS	QUICK STRIKES
PROTOSS	RESONATING GLAVES
PROTOSS	RESTORATION
PROTOSS	SHIELD OVERCHARGE
PROTOSS	SOLID-FIELD PROJECTORS
PROTOSS	SQUADRON
PROTOSS	STRATEGIC RECALL
PROTOSS	STRUCTURE
PROTOSS	TITAN KILLERS
PROTOSS	VEIL OF SHADOWS
PROTOSS	WARP CONDUIT
PROTOSS	WARP IN
PROTOSS	WE STAND AS ONE
PROTOSS	WEAPONS OF THE FIRSTBORN
PROTOSS	ZEALOUS ROUND
ZERG	ADRENAL GLANDS
ZERG	ADRENAL OVERLOAD
ZERG	ANCILLARY CARAPACE
ZERG	BROOD INSTINCT
ZERG	BURROW
ZERG	BURROW AMBUSH
ZERG	CARAPACE
ZERG	COMMANDER
ZERG	CREEP REMOVAL
ZERG	CREEP SPEED
ZERG	CRUSHING GRIP
ZERG	DEBILITATING SALIVA
ZERG	DETECTION
ZERG	DEVASTATING CHARGE
ZERG	DOMINEERING PRESENCE
ZERG	EXCRETE CREEP
ZERG	FERAL RAGE
ZERG	GLIAL RECONSTITUTION
ZERG	GROOVED SPINES
ZERG	HYDRIODIC BILE
ZERG	LEAP
ZERG	LEAPING STRIKE
ZERG	LIE IN WAIT
ZERG	LIVING GLOB OF TISSUE
ZERG	LUNGE
ZERG	LURKING
ZERG	MALEVOLENT MATRIARCH
ZERG	METABOLIC BOOST
ZERG	MUTATING CARAPACE
ZERG	OMEGA NETWORK
ZERG	PNEUMATIZED CARAPACE
ZERG	PREDATION
ZERG	PSIONIC LINK
ZERG	RAPTOR STRAIN
ZERG	REGENERATION
ZERG	RESTORATION
ZERG	ROACHLING INFESTATION
ZERG	SOURCE OF CREEP
ZERG	SPAWN CREEP TUMOR
ZERG	SPEED ON CREEP
ZERG	SQUADRON
ZERG	STRUCTURE
ZERG	TRANSFUSION
ZERG	TUNNELING CLAWS
ZERG	UNDERDEVELOPED CLAWS
ZERG	WILD MUTATION
ZERG	ZERG CREEP
ZERG	ZERGLING RECONSTITUTION
